"Point Name - null",,,
Min Value - 1469.2  (cu meter),,,
Max Value - 16226  (cu meter),,,
Average Value - 9693.5  (cu meter),,,
"Equipment - None",,,
"Space - None",,,
Point Url,=HYPERLINK("https://157.193.41.18/UI/#/network/hvac02:ca1102r1/FCB.076AVND010.VOL1-TOT.Trend"),,
TimeStamp,DataValue (cu meter),Reliability (blank if reliable),
"May 29, 2020 12:00:00 AM","1,469.2","",,
"May 30, 2020 12:00:00 AM","1,469.2","",,
"May 31, 2020 12:00:00 AM","1,469.4","",,
"June 1, 2020 12:00:00 AM","1,469.4","",,
"June 2, 2020 12:00:00 AM","1,469.4","",,
"June 3, 2020 12:00:00 AM","1,469.4","",,
"June 4, 2020 12:00:00 AM","1,469.4","",,
"June 5, 2020 12:00:00 AM","1,480.8","",,
"June 6, 2020 12:00:00 AM","1,497.3","",,
"June 7, 2020 12:00:00 AM","1,519.0","",,
"June 8, 2020 12:00:00 AM","1,519.9","",,
"June 9, 2020 12:00:00 AM","1,520.7","",,
"June 10, 2020 12:00:00 AM","1,536.1","",,
"June 11, 2020 12:00:00 AM","1,536.1","",,
"June 12, 2020 12:00:00 AM","1,536.1","",,
"June 13, 2020 12:00:00 AM","1,536.3","",,
"June 14, 2020 12:00:00 AM","1,536.4","",,
"June 15, 2020 12:00:00 AM","1,536.4","",,
"June 16, 2020 12:00:00 AM","1,536.4","",,
"June 17, 2020 12:00:00 AM","1,536.4","",,
"June 18, 2020 12:00:00 AM","1,536.4","",,
"June 19, 2020 12:00:00 AM","1,536.4","",,
"June 20, 2020 12:00:00 AM","1,536.4","",,
"June 21, 2020 12:00:00 AM","1,536.4","",,
"June 22, 2020 12:00:00 AM","1,536.4","",,
"June 23, 2020 12:00:00 AM","1,536.4","",,
"June 24, 2020 12:00:00 AM","1,536.4","",,
"June 25, 2020 12:00:00 AM","1,536.4","",,
"June 26, 2020 12:00:00 AM","1,536.4","",,
"June 27, 2020 12:00:00 AM","1,536.4","",,
"June 28, 2020 12:00:00 AM","1,536.4","",,
"June 29, 2020 12:00:00 AM","1,536.4","",,
"June 30, 2020 12:00:00 AM","1,536.4","",,
"July 1, 2020 12:00:00 AM","1,536.4","",,
"July 2, 2020 12:00:00 AM","1,536.4","",,
"July 3, 2020 12:00:00 AM","1,536.4","",,
"July 4, 2020 12:00:00 AM","1,536.4","",,
"July 5, 2020 12:00:00 AM","1,536.4","",,
"July 6, 2020 12:00:00 AM","1,536.4","",,
"July 7, 2020 12:00:00 AM","1,536.4","",,
"July 8, 2020 12:00:00 AM","1,536.4","",,
"July 9, 2020 12:00:00 AM","1,536.4","",,
"July 10, 2020 12:00:00 AM","1,536.4","",,
"July 11, 2020 12:00:00 AM","1,536.4","",,
"July 12, 2020 12:00:00 AM","1,536.4","",,
"July 13, 2020 12:00:00 AM","1,536.4","",,
"July 14, 2020 12:00:00 AM","1,536.4","",,
"July 15, 2020 12:00:00 AM","1,536.4","",,
"July 16, 2020 12:00:00 AM","1,536.4","",,
"July 17, 2020 12:00:00 AM","1,536.4","",,
"July 18, 2020 12:00:00 AM","1,536.4","",,
"July 19, 2020 12:00:00 AM","1,536.4","",,
"July 20, 2020 12:00:00 AM","1,536.4","",,
"July 21, 2020 12:00:00 AM","1,536.4","",,
"July 22, 2020 12:00:00 AM","1,536.4","",,
"July 23, 2020 12:00:00 AM","1,536.4","",,
"July 24, 2020 12:00:00 AM","1,536.4","",,
"July 25, 2020 12:00:00 AM","1,536.4","",,
"July 26, 2020 12:00:00 AM","1,536.4","",,
"July 27, 2020 12:00:00 AM","1,536.4","",,
"July 28, 2020 12:00:00 AM","1,536.4","",,
"July 29, 2020 12:00:00 AM","1,536.4","",,
"July 30, 2020 12:00:00 AM","1,536.4","",,
"July 31, 2020 12:00:00 AM","1,536.4","",,
"August 1, 2020 12:00:00 AM","1,536.4","",,
"August 2, 2020 12:00:00 AM","1,536.4","",,
"August 3, 2020 12:00:00 AM","1,536.4","",,
"August 4, 2020 12:00:00 AM","1,536.4","",,
"August 5, 2020 12:00:00 AM","1,536.4","",,
"August 6, 2020 12:00:00 AM","1,536.4","",,
"August 7, 2020 12:00:00 AM","1,536.4","",,
"August 8, 2020 12:00:00 AM","1,536.4","",,
"August 9, 2020 12:00:00 AM","1,536.4","",,
"August 10, 2020 12:00:00 AM","1,536.4","",,
"August 11, 2020 12:00:00 AM","1,536.4","",,
"August 12, 2020 12:00:00 AM","1,536.4","",,
"August 13, 2020 12:00:00 AM","1,536.4","",,
"August 14, 2020 12:00:00 AM","1,536.4","",,
"August 15, 2020 12:00:00 AM","1,536.4","",,
"August 16, 2020 12:00:00 AM","1,536.4","",,
"August 17, 2020 12:00:00 AM","1,536.4","",,
"August 18, 2020 12:00:00 AM","1,536.4","",,
"August 19, 2020 12:00:00 AM","1,536.4","",,
"August 20, 2020 12:00:00 AM","1,536.4","",,
"August 21, 2020 12:00:00 AM","1,536.4","",,
"August 22, 2020 12:00:00 AM","1,536.4","",,
"August 23, 2020 12:00:00 AM","1,536.4","",,
"August 24, 2020 12:00:00 AM","1,536.4","",,
"August 25, 2020 12:00:00 AM","1,536.4","",,
"August 26, 2020 12:00:00 AM","1,536.4","",,
"August 27, 2020 12:00:00 AM","1,536.4","",,
"August 28, 2020 12:00:00 AM","1,536.4","",,
"August 29, 2020 12:00:00 AM","1,536.4","",,
"August 30, 2020 12:00:00 AM","1,536.4","",,
"August 31, 2020 12:00:00 AM","1,536.4","",,
"September 1, 2020 12:00:00 AM","1,536.4","",,
"September 2, 2020 12:00:00 AM","1,536.4","",,
"September 3, 2020 12:00:00 AM","1,536.4","",,
"September 4, 2020 12:00:00 AM","1,536.7","",,
"September 5, 2020 12:00:00 AM","1,536.7","",,
"September 6, 2020 12:00:00 AM","1,536.7","",,
"September 7, 2020 12:00:00 AM","1,536.7","",,
"September 8, 2020 12:00:00 AM","1,536.7","",,
"September 9, 2020 12:00:00 AM","1,536.7","",,
"September 10, 2020 12:00:00 AM","1,536.7","",,
"September 11, 2020 12:00:00 AM","1,536.7","",,
"September 12, 2020 12:00:00 AM","1,536.7","",,
"September 13, 2020 12:00:00 AM","1,536.7","",,
"September 14, 2020 12:00:00 AM","1,536.7","",,
"September 15, 2020 12:00:00 AM","1,536.7","",,
"September 16, 2020 12:00:00 AM","1,536.7","",,
"September 17, 2020 12:00:00 AM","1,536.9","",,
"September 18, 2020 12:00:00 AM","1,536.9","",,
"September 19, 2020 12:00:00 AM","1,536.9","",,
"September 20, 2020 12:00:00 AM","1,536.9","",,
"September 21, 2020 12:00:00 AM","1,536.9","",,
"September 22, 2020 12:00:00 AM","1,536.9","",,
"September 23, 2020 12:00:00 AM","1,539.8","",,
"September 24, 2020 12:00:00 AM","1,546.9","",,
"September 25, 2020 12:00:00 AM","1,556.4","",,
"September 26, 2020 12:00:00 AM","1,566.0","",,
"September 27, 2020 12:00:00 AM","1,576.0","",,
"September 28, 2020 12:00:00 AM","1,576.0","",,
"September 29, 2020 12:00:00 AM","1,576.0","",,
"September 30, 2020 12:00:00 AM","1,586.6","",,
"October 1, 2020 12:00:00 AM","1,597.2","",,
"October 2, 2020 12:00:00 AM","1,607.6","",,
"October 3, 2020 12:00:00 AM","1,617.8","",,
"October 4, 2020 12:00:00 AM","1,627.9","",,
"October 5, 2020 12:00:00 AM","1,627.9","",,
"October 6, 2020 12:00:00 AM","1,627.9","",,
"October 7, 2020 12:00:00 AM","1,640.1","",,
"October 8, 2020 12:00:00 AM","1,653.1","",,
"October 9, 2020 12:00:00 AM","1,663.6","",,
"October 10, 2020 12:00:00 AM","1,675.3","",,
"October 11, 2020 12:00:00 AM","1,694.3","",,
"October 12, 2020 12:00:00 AM","1,718.2","",,
"October 13, 2020 12:00:00 AM","1,741.8","",,
"October 14, 2020 12:00:00 AM","1,767.7","",,
"October 15, 2020 12:00:00 AM","1,787.9","",,
"October 16, 2020 12:00:00 AM","1,805.5","",,
"October 17, 2020 12:00:00 AM","1,816.1","",,
"October 18, 2020 12:00:00 AM","1,827.0","",,
"October 19, 2020 12:00:00 AM","1,827.0","",,
"October 20, 2020 12:00:00 AM","1,827.0","",,
"October 21, 2020 12:00:00 AM","1,838.0","",,
"October 22, 2020 12:00:00 AM","1,848.8","",,
"October 23, 2020 12:00:00 AM","1,859.6","",,
"October 24, 2020 12:00:00 AM","1,870.1","",,
"October 25, 2020 12:00:00 AM","1,880.7","",,
"October 26, 2020 12:00:00 AM","1,880.7","",,
"October 27, 2020 12:00:00 AM","1,880.7","",,
"October 28, 2020 12:00:00 AM","1,891.8","",,
"October 29, 2020 12:00:00 AM","1,902.6","",,
"October 30, 2020 12:00:00 AM","1,913.9","",,
"October 31, 2020 12:00:00 AM","1,924.7","",,
"November 1, 2020 12:00:00 AM","1,935.4","",,
"November 2, 2020 12:00:00 AM","1,935.4","",,
"November 3, 2020 12:00:00 AM","1,935.4","",,
"November 4, 2020 12:00:00 AM","1,946.2","",,
"November 5, 2020 12:00:00 AM","1,957.5","",,
"November 6, 2020 12:00:00 AM","1,969.0","",,
"November 7, 2020 12:00:01 AM","1,980.8","",,
"November 8, 2020 12:00:00 AM","1,992.3","",,
"November 9, 2020 12:00:00 AM","1,992.3","",,
"November 10, 2020 12:00:00 AM","1,992.3","",,
"November 11, 2020 12:00:00 AM","2,003.3","",,
"November 12, 2020 12:00:00 AM","2,014.4","",,
"November 13, 2020 12:00:00 AM","2,025.4","",,
"November 14, 2020 12:00:00 AM","2,036.2","",,
"November 15, 2020 12:00:00 AM","2,047.2","",,
"November 16, 2020 12:00:00 AM","2,047.2","",,
"November 17, 2020 12:00:00 AM","2,047.2","",,
"November 18, 2020 12:00:00 AM","2,058.6","",,
"November 19, 2020 12:00:00 AM","2,069.8","",,
"November 20, 2020 12:00:00 AM","2,080.6","",,
"November 21, 2020 12:00:00 AM","2,091.9","",,
"November 22, 2020 12:00:00 AM","2,103.7","",,
"November 23, 2020 12:00:00 AM","2,103.7","",,
"November 24, 2020 12:00:00 AM","2,103.7","",,
"November 25, 2020 12:00:00 AM","2,123.7","",,
"November 26, 2020 12:00:00 AM","2,138.6","",,
"November 27, 2020 12:00:00 AM","2,157.8","",,
"November 28, 2020 12:00:00 AM","2,176.4","",,
"November 29, 2020 12:00:00 AM","2,194.2","",,
"November 30, 2020 12:00:00 AM","2,194.2","",,
"December 1, 2020 12:00:00 AM","2,194.2","",,
"December 2, 2020 12:00:00 AM","2,214.4","",,
"December 3, 2020 12:00:00 AM","2,254.5","",,
"December 4, 2020 12:00:00 AM","2,282.0","",,
"December 5, 2020 12:00:00 AM","2,318.4","",,
"December 6, 2020 12:00:00 AM","2,352.8","",,
"December 7, 2020 12:00:00 AM","2,352.8","",,
"December 8, 2020 12:00:00 AM","2,406.6","",,
"December 9, 2020 12:00:00 AM","2,463.8","",,
"December 10, 2020 12:00:00 AM","2,509.1","",,
"December 11, 2020 12:00:00 AM","2,537.1","",,
"December 12, 2020 12:00:00 AM","2,565.1","",,
"December 13, 2020 12:00:00 AM","2,605.6","",,
"December 14, 2020 12:00:00 AM","2,605.6","",,
"December 15, 2020 12:00:00 AM","2,649.6","",,
"December 16, 2020 12:00:00 AM","2,671.8","",,
"December 17, 2020 12:00:00 AM","2,695.9","",,
"December 18, 2020 12:00:00 AM","2,720.1","",,
"December 19, 2020 12:00:00 AM","2,742.1","",,
"December 20, 2020 12:00:00 AM","2,761.2","",,
"December 21, 2020 12:00:00 AM","2,761.2","",,
"December 22, 2020 12:00:00 AM","2,793.4","",,
"December 23, 2020 12:00:00 AM","2,825.0","",,
"December 24, 2020 12:00:00 AM","2,847.7","",,
"December 25, 2020 12:00:00 AM","2,869.6","",,
"December 26, 2020 12:00:00 AM","2,877.6","",,
"December 27, 2020 12:00:00 AM","2,885.9","",,
"December 28, 2020 12:00:00 AM","2,885.9","",,
"December 29, 2020 12:00:00 AM","2,885.9","",,
"December 30, 2020 12:00:00 AM","2,894.5","",,
"December 31, 2020 12:00:00 AM","2,903.3","",,
"January 1, 2021 12:00:00 AM","2,915.7","",,
"January 2, 2021 12:00:00 AM","2,948.4","",,
"January 3, 2021 12:00:00 AM","2,981.2","",,
"January 4, 2021 12:00:00 AM","3,013.8","",,
"January 5, 2021 12:00:00 AM","3,083.6","",,
"January 6, 2021 12:00:00 AM","3,148.8","",,
"January 7, 2021 12:00:00 AM","3,209.0","",,
"January 8, 2021 12:00:00 AM","3,257.8","",,
"January 9, 2021 12:00:00 AM","3,314.5","",,
"January 10, 2021 12:00:00 AM","3,331.7","",,
"January 11, 2021 12:00:00 AM","3,331.7","",,
"January 12, 2021 12:00:00 AM","3,377.9","",,
"January 13, 2021 12:00:00 AM","3,419.6","",,
"January 14, 2021 12:00:00 AM","3,441.4","",,
"January 15, 2021 12:00:00 AM","3,473.5","",,
"January 16, 2021 12:00:00 AM","3,503.5","",,
"January 17, 2021 12:00:00 AM","3,539.4","",,
"January 18, 2021 12:00:00 AM","3,539.4","",,
"January 19, 2021 12:00:00 AM","3,588.8","",,
"January 20, 2021 12:00:00 AM","3,630.0","",,
"January 21, 2021 12:00:00 AM","3,661.5","",,
"January 22, 2021 12:00:00 AM","3,692.7","",,
"January 23, 2021 12:00:00 AM","3,718.0","",,
"January 24, 2021 12:00:00 AM","3,747.4","",,
"January 25, 2021 12:00:00 AM","3,747.4","",,
"January 26, 2021 12:00:00 AM","3,795.5","",,
"January 27, 2021 12:00:00 AM","3,834.0","",,
"January 28, 2021 12:00:00 AM","3,867.2","",,
"January 29, 2021 12:00:00 AM","3,906.7","",,
"January 30, 2021 12:00:00 AM","3,927.2","",,
"January 31, 2021 12:00:00 AM","3,952.1","",,
"February 1, 2021 12:00:00 AM","3,952.1","",,
"February 2, 2021 12:00:00 AM","4,002.6","",,
"February 3, 2021 12:00:00 AM","4,042.9","",,
"February 4, 2021 12:00:00 AM","4,070.0","",,
"February 5, 2021 12:00:00 AM","4,094.7","",,
"February 6, 2021 12:00:00 AM","4,118.5","",,
"February 7, 2021 12:00:00 AM","4,135.0","",,
"February 8, 2021 12:00:00 AM","4,135.0","",,
"February 9, 2021 12:00:00 AM","4,167.0","",,
"February 10, 2021 12:00:00 AM","4,226.5","",,
"February 11, 2021 12:00:00 AM","4,237.8","",,
"February 12, 2021 12:00:00 AM","4,249.6","",,
"February 13, 2021 12:00:00 AM","4,264.6","",,
"February 14, 2021 12:00:00 AM","4,275.8","",,
"February 15, 2021 12:00:00 AM","4,278.2","",,
"February 16, 2021 12:00:00 AM","4,284.5","",,
"February 17, 2021 12:00:00 AM","4,295.2","",,
"February 18, 2021 12:00:00 AM","4,309.8","",,
"February 19, 2021 12:00:00 AM","4,320.2","",,
"February 20, 2021 12:00:00 AM","4,337.0","",,
"February 21, 2021 12:00:00 AM","4,347.6","",,
"February 22, 2021 12:00:00 AM","4,347.6","",,
"February 23, 2021 12:00:00 AM","4,347.6","",,
"February 24, 2021 12:00:00 AM","4,357.7","",,
"February 25, 2021 12:00:00 AM","4,367.7","",,
"February 26, 2021 12:00:00 AM","4,377.5","",,
"February 27, 2021 12:00:00 AM","4,387.4","",,
"February 28, 2021 12:00:00 AM","4,397.4","",,
"March 1, 2021 12:00:00 AM","4,397.4","",,
"March 2, 2021 12:00:00 AM","4,397.5","",,
"March 3, 2021 12:00:00 AM","4,408.1","",,
"March 4, 2021 12:00:00 AM","4,418.3","",,
"March 5, 2021 12:00:00 AM","4,428.3","",,
"March 6, 2021 12:00:00 AM","4,438.7","",,
"March 7, 2021 12:00:00 AM","4,449.0","",,
"March 8, 2021 12:00:00 AM","4,449.0","",,
"March 9, 2021 12:00:00 AM","4,449.2","",,
"March 10, 2021 12:00:00 AM","4,459.8","",,
"March 11, 2021 12:00:00 AM","4,470.5","",,
"March 12, 2021 12:00:00 AM","4,481.2","",,
"March 13, 2021 12:00:00 AM","4,491.5","",,
"March 14, 2021 12:00:00 AM","4,502.0","",,
"March 15, 2021 12:00:00 AM","4,502.0","",,
"March 16, 2021 12:00:00 AM","4,502.0","",,
"March 17, 2021 12:00:00 AM","4,528.0","",,
"March 18, 2021 12:00:00 AM","4,566.0","",,
"March 19, 2021 12:00:00 AM","4,591.9","",,
"March 20, 2021 12:00:00 AM","4,617.9","",,
"March 21, 2021 12:00:00 AM","4,648.3","",,
"March 22, 2021 12:00:00 AM","4,648.3","",,
"March 23, 2021 12:00:00 AM","4,692.7","",,
"March 24, 2021 12:00:00 AM","4,724.8","",,
"March 25, 2021 12:00:00 AM","4,750.5","",,
"March 26, 2021 12:00:00 AM","4,773.9","",,
"March 27, 2021 12:00:00 AM","4,794.5","",,
"March 28, 2021 12:00:00 AM","4,814.9","",,
"March 29, 2021 12:00:00 AM","4,814.9","",,
"March 30, 2021 12:00:00 AM","4,838.0","",,
"March 31, 2021 12:00:00 AM","4,867.4","",,
"April 1, 2021 12:00:00 AM","4,872.4","",,
"April 2, 2021 12:00:00 AM","4,879.1","",,
"April 3, 2021 12:00:00 AM","4,888.5","",,
"April 4, 2021 12:00:00 AM","4,898.4","",,
"April 5, 2021 12:00:00 AM","4,898.4","",,
"April 6, 2021 12:00:00 AM","4,898.4","",,
"April 7, 2021 12:00:00 AM","4,898.4","",,
"April 8, 2021 12:00:00 AM","4,910.2","",,
"April 9, 2021 12:00:00 AM","4,920.7","",,
"April 10, 2021 12:00:00 AM","4,931.0","",,
"April 11, 2021 12:00:00 AM","4,941.0","",,
"April 12, 2021 12:00:00 AM","4,941.0","",,
"April 13, 2021 12:00:00 AM","4,941.0","",,
"April 14, 2021 12:00:00 AM","4,951.5","",,
"April 15, 2021 12:00:00 AM","4,961.6","",,
"April 16, 2021 12:00:00 AM","4,971.8","",,
"April 17, 2021 12:00:00 AM","4,982.1","",,
"April 18, 2021 12:00:00 AM","4,992.5","",,
"April 19, 2021 12:00:00 AM","4,992.5","",,
"April 20, 2021 12:00:00 AM","4,992.5","",,
"April 21, 2021 12:00:00 AM","5,002.8","",,
"April 22, 2021 12:00:00 AM","5,012.7","",,
"April 23, 2021 12:00:00 AM","5,022.6","",,
"April 24, 2021 12:00:00 AM","5,032.7","",,
"April 25, 2021 12:00:00 AM","5,042.6","",,
"April 26, 2021 12:00:00 AM","5,042.6","",,
"April 27, 2021 12:00:00 AM","5,042.6","",,
"April 28, 2021 12:00:00 AM","5,052.8","",,
"April 29, 2021 12:00:00 AM","5,062.7","",,
"April 30, 2021 12:00:00 AM","5,072.6","",,
"May 1, 2021 12:00:00 AM","5,082.9","",,
"May 2, 2021 12:00:00 AM","5,093.0","",,
"May 3, 2021 12:00:00 AM","5,093.0","",,
"May 4, 2021 12:00:00 AM","5,093.0","",,
"May 5, 2021 12:00:00 AM","5,103.1","",,
"May 6, 2021 12:00:00 AM","5,116.5","",,
"May 7, 2021 12:00:00 AM","5,123.3","",,
"May 8, 2021 12:00:00 AM","5,133.5","",,
"May 9, 2021 12:00:00 AM","5,143.5","",,
"May 10, 2021 12:00:00 AM","5,143.5","",,
"May 11, 2021 12:00:00 AM","5,143.5","",,
"May 12, 2021 12:00:00 AM","5,153.4","",,
"May 13, 2021 12:00:00 AM","5,163.2","",,
"May 14, 2021 12:00:00 AM","5,172.8","",,
"May 15, 2021 12:00:00 AM","5,172.8","",,
"May 16, 2021 12:00:00 AM","5,172.8","",,
"May 17, 2021 12:00:00 AM","5,172.8","",,
"May 18, 2021 12:00:00 AM","5,172.8","",,
"May 19, 2021 12:00:00 AM","5,182.9","",,
"May 20, 2021 12:00:00 AM","5,192.7","",,
"May 21, 2021 12:00:00 AM","5,202.4","",,
"May 22, 2021 12:00:00 AM","5,212.9","",,
"May 23, 2021 12:00:00 AM","5,222.4","",,
"May 24, 2021 12:00:00 AM","5,222.4","",,
"May 25, 2021 12:00:00 AM","5,222.4","",,
"May 26, 2021 12:00:00 AM","5,232.5","",,
"May 27, 2021 12:00:00 AM","5,242.3","",,
"May 28, 2021 12:00:00 AM","5,251.9","",,
"May 29, 2021 12:00:00 AM","5,261.5","",,
"May 30, 2021 12:00:00 AM","5,269.2","",,
"May 31, 2021 12:00:00 AM","5,269.2","",,
"June 1, 2021 12:00:00 AM","5,269.2","",,
"June 2, 2021 12:00:00 AM","5,274.4","",,
"June 3, 2021 12:00:00 AM","5,274.4","",,
"June 4, 2021 12:00:00 AM","5,274.4","",,
"June 5, 2021 12:00:00 AM","5,274.4","",,
"June 6, 2021 12:00:00 AM","5,274.4","",,
"June 7, 2021 12:00:00 AM","5,274.4","",,
"June 8, 2021 12:00:00 AM","5,274.4","",,
"June 9, 2021 12:00:00 AM","5,274.4","",,
"June 10, 2021 12:00:00 AM","5,274.4","",,
"June 11, 2021 12:00:00 AM","5,274.4","",,
"June 12, 2021 12:00:00 AM","5,274.4","",,
"June 13, 2021 12:00:00 AM","5,274.4","",,
"June 14, 2021 12:00:00 AM","5,274.4","",,
"June 15, 2021 12:00:00 AM","5,274.4","",,
"June 16, 2021 12:00:00 AM","5,274.4","",,
"June 17, 2021 12:00:00 AM","5,274.4","",,
"June 18, 2021 12:00:00 AM","5,274.4","",,
"June 19, 2021 12:00:00 AM","5,274.4","",,
"June 20, 2021 12:00:00 AM","5,274.4","",,
"June 21, 2021 12:00:00 AM","5,274.4","",,
"June 22, 2021 12:00:00 AM","5,274.4","",,
"June 23, 2021 12:00:00 AM","5,274.4","",,
"June 24, 2021 12:00:00 AM","5,274.4","",,
"June 25, 2021 12:00:00 AM","5,274.4","",,
"June 26, 2021 12:00:00 AM","5,274.4","",,
"June 27, 2021 12:00:00 AM","5,274.4","",,
"June 28, 2021 12:00:00 AM","5,274.4","",,
"June 29, 2021 12:00:00 AM","5,274.4","",,
"June 30, 2021 12:00:00 AM","5,274.4","",,
"July 1, 2021 12:00:00 AM","5,274.4","",,
"July 2, 2021 12:00:00 AM","5,274.4","",,
"July 3, 2021 12:00:00 AM","5,274.4","",,
"July 4, 2021 12:00:00 AM","5,274.4","",,
"July 5, 2021 12:00:00 AM","5,274.4","",,
"July 6, 2021 12:00:00 AM","5,274.4","",,
"July 7, 2021 12:00:00 AM","5,274.4","",,
"July 8, 2021 12:00:00 AM","5,274.4","",,
"July 9, 2021 12:00:00 AM","5,274.4","",,
"July 10, 2021 12:00:00 AM","5,274.4","",,
"July 11, 2021 12:00:00 AM","5,274.4","",,
"July 12, 2021 12:00:00 AM","5,274.4","",,
"July 13, 2021 12:00:00 AM","5,274.4","",,
"July 14, 2021 12:00:00 AM","5,274.4","",,
"July 15, 2021 12:00:00 AM","5,274.4","",,
"July 16, 2021 12:00:00 AM","5,274.4","",,
"July 17, 2021 12:00:00 AM","5,274.4","",,
"July 18, 2021 12:00:00 AM","5,274.4","",,
"July 19, 2021 12:00:00 AM","5,274.4","",,
"July 20, 2021 12:00:00 AM","5,274.4","",,
"July 21, 2021 12:00:00 AM","5,274.4","",,
"July 22, 2021 12:00:00 AM","5,274.4","",,
"July 23, 2021 12:00:00 AM","5,274.4","",,
"July 24, 2021 12:00:00 AM","5,274.4","",,
"July 25, 2021 12:00:00 AM","5,274.4","",,
"July 26, 2021 12:00:00 AM","5,274.4","",,
"July 27, 2021 12:00:00 AM","5,274.4","",,
"July 28, 2021 12:00:00 AM","5,274.4","",,
"July 29, 2021 12:00:00 AM","5,274.4","",,
"July 30, 2021 12:00:00 AM","5,274.4","",,
"July 31, 2021 12:00:00 AM","5,274.4","",,
"August 1, 2021 12:00:00 AM","5,274.4","",,
"August 2, 2021 12:00:00 AM","5,274.4","",,
"August 3, 2021 12:00:00 AM","5,274.4","",,
"August 4, 2021 12:00:00 AM","5,274.4","",,
"August 5, 2021 12:00:00 AM","5,274.4","",,
"August 6, 2021 12:00:00 AM","5,274.4","",,
"August 7, 2021 12:00:00 AM","5,274.4","",,
"August 8, 2021 12:00:00 AM","5,274.4","",,
"August 9, 2021 12:00:00 AM","5,274.4","",,
"August 10, 2021 12:00:00 AM","5,274.4","",,
"August 11, 2021 12:00:00 AM","5,274.4","",,
"August 12, 2021 12:00:00 AM","5,274.4","",,
"August 13, 2021 12:00:00 AM","5,274.4","",,
"August 14, 2021 12:00:00 AM","5,274.4","",,
"August 15, 2021 12:00:00 AM","5,274.4","",,
"August 16, 2021 12:00:00 AM","5,274.4","",,
"August 17, 2021 12:00:00 AM","5,274.4","",,
"August 18, 2021 12:00:00 AM","5,274.4","",,
"August 19, 2021 12:00:00 AM","5,274.4","",,
"August 20, 2021 12:00:00 AM","5,274.4","",,
"August 21, 2021 12:00:00 AM","5,274.4","",,
"August 22, 2021 12:00:00 AM","5,274.4","",,
"August 23, 2021 12:00:00 AM","5,274.4","",,
"August 24, 2021 12:00:00 AM","5,274.4","",,
"August 25, 2021 12:00:00 AM","5,274.4","",,
"August 26, 2021 12:00:00 AM","5,274.4","",,
"August 27, 2021 12:00:00 AM","5,274.4","",,
"August 28, 2021 12:00:00 AM","5,274.4","",,
"August 29, 2021 12:00:00 AM","5,274.4","",,
"August 30, 2021 12:00:00 AM","5,274.4","",,
"August 31, 2021 12:00:00 AM","5,274.4","",,
"September 1, 2021 12:00:00 AM","5,274.4","",,
"September 2, 2021 12:00:00 AM","5,274.4","",,
"September 3, 2021 12:00:00 AM","5,274.4","",,
"September 4, 2021 12:00:00 AM","5,274.4","",,
"September 5, 2021 12:00:00 AM","5,274.4","",,
"September 6, 2021 12:00:00 AM","5,274.4","",,
"September 7, 2021 12:00:00 AM","5,274.4","",,
"September 8, 2021 12:00:00 AM","5,274.4","",,
"September 9, 2021 12:00:00 AM","5,274.4","",,
"September 10, 2021 12:00:00 AM","5,274.4","",,
"September 11, 2021 12:00:00 AM","5,274.4","",,
"September 12, 2021 12:00:00 AM","5,274.4","",,
"September 13, 2021 12:00:00 AM","5,274.4","",,
"September 14, 2021 12:00:00 AM","5,274.4","",,
"September 15, 2021 12:00:00 AM","5,274.4","",,
"September 16, 2021 12:00:00 AM","5,274.4","",,
"September 17, 2021 12:00:00 AM","5,274.4","",,
"September 18, 2021 12:00:00 AM","5,274.4","",,
"September 19, 2021 12:00:00 AM","5,274.4","",,
"September 20, 2021 12:00:00 AM","5,274.4","",,
"September 21, 2021 12:00:00 AM","5,274.4","",,
"September 22, 2021 12:00:00 AM","5,274.4","",,
"September 23, 2021 12:00:00 AM","5,274.4","",,
"September 24, 2021 12:00:00 AM","5,274.4","",,
"September 25, 2021 12:00:00 AM","5,283.2","",,
"September 26, 2021 12:00:00 AM","5,289.3","",,
"September 27, 2021 12:00:00 AM","5,289.3","",,
"September 28, 2021 12:00:00 AM","5,289.3","",,
"September 29, 2021 12:00:00 AM","5,297.5","",,
"September 30, 2021 12:00:00 AM","5,305.7","",,
"October 1, 2021 12:00:00 AM","5,314.3","",,
"October 2, 2021 12:00:00 AM","5,322.9","",,
"October 3, 2021 12:00:00 AM","5,332.0","",,
"October 4, 2021 12:00:00 AM","5,332.0","",,
"October 5, 2021 12:00:00 AM","5,332.0","",,
"October 6, 2021 12:00:00 AM","5,341.0","",,
"October 7, 2021 12:00:00 AM","5,350.4","",,
"October 8, 2021 12:00:00 AM","5,359.7","",,
"October 9, 2021 12:00:00 AM","5,369.1","",,
"October 10, 2021 12:00:00 AM","5,378.7","",,
"October 11, 2021 12:00:00 AM","5,378.7","",,
"October 12, 2021 12:00:00 AM","5,378.7","",,
"October 13, 2021 12:00:00 AM","5,389.1","",,
"October 14, 2021 12:00:00 AM","5,399.3","",,
"October 15, 2021 12:00:00 AM","5,409.4","",,
"October 16, 2021 12:00:00 AM","5,419.4","",,
"October 17, 2021 12:00:00 AM","5,429.4","",,
"October 18, 2021 12:00:00 AM","5,429.4","",,
"October 19, 2021 12:00:00 AM","5,429.4","",,
"October 20, 2021 12:00:00 AM","5,439.8","",,
"October 21, 2021 12:00:00 AM","5,449.4","",,
"October 22, 2021 12:00:00 AM","5,459.0","",,
"October 23, 2021 12:00:00 AM","5,469.1","",,
"October 24, 2021 12:00:00 AM","5,479.2","",,
"October 25, 2021 12:00:00 AM","5,479.2","",,
"October 26, 2021 12:00:00 AM","5,479.3","",,
"October 27, 2021 12:00:00 AM","5,489.8","",,
"October 28, 2021 12:00:00 AM","5,501.8","",,
"October 29, 2021 12:00:00 AM","5,511.6","",,
"October 30, 2021 12:00:00 AM","5,521.4","",,
"October 31, 2021 12:00:00 AM","5,531.3","",,
"November 1, 2021 12:00:00 AM","5,531.3","",,
"November 2, 2021 12:00:00 AM","5,532.8","",,
"November 3, 2021 12:00:00 AM","5,545.1","",,
"November 4, 2021 12:00:00 AM","5,561.0","",,
"November 5, 2021 12:00:00 AM","5,577.9","",,
"November 6, 2021 12:00:00 AM","5,594.1","",,
"November 7, 2021 12:00:00 AM","5,606.8","",,
"November 8, 2021 12:00:00 AM","5,606.8","",,
"November 9, 2021 12:00:00 AM","5,614.1","",,
"November 10, 2021 12:00:00 AM","5,629.9","",,
"November 11, 2021 12:00:00 AM","5,646.2","",,
"November 12, 2021 12:00:00 AM","5,660.4","",,
"November 13, 2021 12:00:00 AM","5,673.3","",,
"November 14, 2021 12:00:00 AM","5,690.8","",,
"November 15, 2021 12:00:00 AM","5,690.8","",,
"November 16, 2021 12:00:00 AM","5,692.7","",,
"November 17, 2021 12:00:00 AM","5,711.2","",,
"November 18, 2021 12:00:00 AM","5,735.9","",,
"November 19, 2021 12:00:00 AM","5,750.7","",,
"November 20, 2021 12:00:00 AM","5,766.5","",,
"November 21, 2021 12:00:00 AM","5,776.6","",,
"November 22, 2021 12:00:00 AM","5,776.6","",,
"November 23, 2021 12:00:00 AM","5,787.5","",,
"November 24, 2021 12:00:00 AM","5,807.6","",,
"November 25, 2021 12:00:00 AM","5,832.6","",,
"November 26, 2021 12:00:00 AM","5,845.3","",,
"November 27, 2021 12:00:00 AM","5,867.8","",,
"November 28, 2021 12:00:00 AM","5,886.8","",,
"November 29, 2021 12:00:00 AM","5,886.8","",,
"November 30, 2021 12:00:00 AM","5,933.8","",,
"December 1, 2021 12:00:00 AM","5,967.8","",,
"December 2, 2021 12:00:00 AM","5,985.4","",,
"December 3, 2021 12:00:00 AM","6,007.0","",,
"December 4, 2021 12:00:00 AM","6,035.2","",,
"December 5, 2021 12:00:00 AM","6,067.8","",,
"December 6, 2021 12:00:00 AM","6,067.8","",,
"December 7, 2021 12:00:00 AM","6,105.5","",,
"December 8, 2021 12:00:00 AM","6,142.6","",,
"December 9, 2021 12:00:00 AM","6,179.7","",,
"December 10, 2021 12:00:00 AM","6,207.5","",,
"December 11, 2021 12:00:00 AM","6,246.1","",,
"December 12, 2021 12:00:00 AM","6,277.6","",,
"December 13, 2021 12:00:00 AM","6,277.6","",,
"December 14, 2021 12:00:00 AM","6,304.4","",,
"December 15, 2021 12:00:00 AM","6,329.6","",,
"December 16, 2021 12:00:00 AM","6,351.6","",,
"December 17, 2021 12:00:00 AM","6,364.2","",,
"December 18, 2021 12:00:00 AM","6,376.6","",,
"December 19, 2021 12:00:00 AM","6,402.4","",,
"December 20, 2021 12:00:00 AM","6,402.4","",,
"December 21, 2021 12:00:00 AM","6,435.3","",,
"December 22, 2021 12:00:00 AM","6,460.3","",,
"December 23, 2021 12:00:00 AM","6,494.4","",,
"December 24, 2021 12:00:00 AM","6,529.8","",,
"December 25, 2021 12:00:00 AM","6,565.3","",,
"December 26, 2021 12:00:00 AM","6,565.3","",,
"December 27, 2021 12:00:00 AM","6,565.3","",,
"December 28, 2021 12:00:00 AM","6,573.4","",,
"December 29, 2021 12:00:00 AM","6,584.9","",,
"December 30, 2021 12:00:00 AM","6,596.3","",,
"December 31, 2021 12:00:00 AM","6,606.3","",,
"January 1, 2022 12:00:00 AM","6,612.5","",,
"January 2, 2022 12:00:00 AM","6,614.7","",,
"January 3, 2022 12:00:00 AM","6,615.9","",,
"January 4, 2022 12:00:00 AM","6,619.5","",,
"January 5, 2022 12:00:00 AM","6,623.2","",,
"January 6, 2022 12:00:00 AM","6,629.6","",,
"January 7, 2022 12:00:00 AM","6,645.6","",,
"January 8, 2022 12:00:00 AM","6,716.6","",,
"January 9, 2022 12:00:00 AM","6,761.8","",,
"January 10, 2022 12:00:00 AM","6,765.0","",,
"January 11, 2022 12:00:00 AM","6,812.9","",,
"January 12, 2022 12:00:00 AM","6,854.7","",,
"January 13, 2022 12:00:00 AM","6,886.6","",,
"January 14, 2022 12:00:00 AM","6,921.9","",,
"January 15, 2022 12:00:00 AM","6,954.9","",,
"January 16, 2022 12:00:00 AM","6,990.5","",,
"January 17, 2022 12:00:00 AM","6,990.5","",,
"January 18, 2022 12:00:00 AM","7,033.0","",,
"January 19, 2022 12:00:00 AM","7,062.4","",,
"January 20, 2022 12:00:00 AM","7,097.3","",,
"January 21, 2022 12:00:00 AM","7,130.6","",,
"January 22, 2022 12:00:00 AM","7,166.0","",,
"January 23, 2022 12:00:00 AM","7,204.6","",,
"January 24, 2022 12:00:00 AM","7,208.6","",,
"January 25, 2022 12:00:00 AM","7,246.5","",,
"January 26, 2022 12:00:00 AM","7,284.9","",,
"January 27, 2022 12:00:00 AM","7,324.9","",,
"January 28, 2022 12:00:00 AM","7,358.6","",,
"January 29, 2022 12:00:00 AM","7,386.0","",,
"January 30, 2022 12:00:00 AM","7,418.7","",,
"January 31, 2022 12:00:00 AM","7,418.7","",,
"February 1, 2022 12:00:00 AM","7,453.6","",,
"February 2, 2022 12:00:00 AM","7,489.9","",,
"February 3, 2022 12:00:00 AM","7,522.0","",,
"February 4, 2022 12:00:00 AM","7,539.7","",,
"February 5, 2022 12:00:00 AM","7,560.8","",,
"February 6, 2022 12:00:00 AM","7,576.9","",,
"February 7, 2022 12:00:00 AM","7,576.9","",,
"February 8, 2022 12:00:00 AM","7,613.1","",,
"February 9, 2022 12:00:00 AM","7,642.1","",,
"February 10, 2022 12:00:00 AM","7,656.2","",,
"February 11, 2022 12:00:00 AM","7,669.5","",,
"February 12, 2022 12:00:00 AM","7,687.2","",,
"February 13, 2022 12:00:00 AM","7,706.6","",,
"February 14, 2022 12:00:00 AM","7,706.6","",,
"February 15, 2022 12:00:00 AM","7,739.9","",,
"February 16, 2022 12:00:00 AM","7,756.1","",,
"February 17, 2022 12:00:00 AM","7,773.7","",,
"February 18, 2022 12:00:00 AM","7,786.1","",,
"February 19, 2022 12:00:00 AM","7,797.2","",,
"February 20, 2022 12:00:00 AM","7,807.8","",,
"February 21, 2022 12:00:00 AM","7,807.8","",,
"February 22, 2022 12:00:00 AM","7,832.1","",,
"February 23, 2022 12:00:00 AM","7,862.4","",,
"February 24, 2022 12:00:00 AM","7,878.1","",,
"February 26, 2022 12:00:00 AM","7,896.0","",,
"February 27, 2022 12:00:00 AM","7,938.3","",,
"February 28, 2022 12:00:00 AM","7,938.3","",,
"March 1, 2022 12:00:00 AM","7,971.9","",,
"March 3, 2022 12:00:00 AM","7,998.4","",,
"March 4, 2022 12:00:00 AM","8,038.6","",,
"March 5, 2022 12:00:00 AM","8,060.6","",,
"March 6, 2022 12:00:00 AM","8,092.9","",,
"March 7, 2022 12:00:00 AM","8,111.0","",,
"March 10, 2022 12:00:00 AM","8,153.6","",,
"March 12, 2022 12:00:00 AM","8,269.3","",,
"March 13, 2022 12:00:00 AM","8,335.8","",,
"March 14, 2022 12:00:00 AM","8,351.0","",,
"March 17, 2022 12:00:00 AM","8,384.1","",,
"March 18, 2022 12:00:00 AM","8,458.3","",,
"March 19, 2022 12:00:00 AM","8,481.4","",,
"March 20, 2022 12:00:00 AM","8,516.9","",,
"March 21, 2022 12:00:00 AM","8,528.2","",,
"March 22, 2022 12:00:00 AM","8,586.1","",,
"March 23, 2022 12:00:00 AM","8,623.8","",,
"March 24, 2022 12:00:00 AM","8,643.7","",,
"March 25, 2022 12:00:00 AM","8,671.7","",,
"March 26, 2022 12:00:00 AM","8,694.7","",,
"March 27, 2022 12:00:00 AM","8,719.2","",,
"March 28, 2022 12:00:00 AM","8,730.0","",,
"March 29, 2022 12:00:00 AM","8,755.9","",,
"March 30, 2022 12:00:00 AM","8,777.3","",,
"March 31, 2022 12:00:00 AM","8,798.6","",,
"April 1, 2022 12:00:00 AM","8,823.0","",,
"April 2, 2022 12:00:00 AM","8,852.8","",,
"April 3, 2022 12:00:00 AM","8,893.1","",,
"April 4, 2022 12:00:00 AM","8,910.7","",,
"April 5, 2022 12:00:00 AM","8,950.4","",,
"April 6, 2022 12:00:00 AM","8,986.8","",,
"April 7, 2022 12:00:00 AM","9,013.2","",,
"April 8, 2022 12:00:00 AM","9,039.5","",,
"April 9, 2022 12:00:00 AM","9,063.7","",,
"April 10, 2022 12:00:00 AM","9,095.7","",,
"April 11, 2022 12:00:00 AM","9,112.7","",,
"April 12, 2022 12:00:00 AM","9,134.7","",,
"April 13, 2022 12:00:00 AM","9,172.4","",,
"April 14, 2022 12:00:00 AM","9,189.5","",,
"April 15, 2022 12:00:00 AM","9,204.1","",,
"April 16, 2022 12:00:00 AM","9,225.1","",,
"April 17, 2022 12:00:00 AM","9,251.4","",,
"April 18, 2022 12:00:00 AM","9,261.4","",,
"April 19, 2022 12:00:00 AM","9,270.6","",,
"April 20, 2022 12:00:00 AM","9,277.8","",,
"April 21, 2022 12:00:00 AM","9,294.2","",,
"April 22, 2022 12:00:00 AM","9,306.0","",,
"April 23, 2022 12:00:00 AM","9,317.7","",,
"April 24, 2022 12:00:00 AM","9,328.8","",,
"April 25, 2022 12:00:00 AM","9,331.2","",,
"April 26, 2022 12:00:00 AM","9,334.6","",,
"April 27, 2022 12:00:00 AM","9,356.7","",,
"April 28, 2022 12:00:00 AM","9,373.2","",,
"April 29, 2022 12:00:00 AM","9,391.6","",,
"April 30, 2022 12:00:00 AM","9,407.6","",,
"May 1, 2022 12:00:00 AM","9,423.8","",,
"May 2, 2022 12:00:00 AM","9,437.0","",,
"May 3, 2022 12:00:00 AM","9,454.7","",,
"May 4, 2022 12:00:00 AM","9,479.1","",,
"May 5, 2022 12:00:00 AM","9,495.7","",,
"May 6, 2022 12:00:00 AM","9,516.1","",,
"May 7, 2022 12:00:00 AM","9,527.7","",,
"May 8, 2022 12:00:00 AM","9,537.3","",,
"May 9, 2022 12:00:00 AM","9,537.7","",,
"May 10, 2022 12:00:00 AM","9,543.0","",,
"May 11, 2022 12:00:00 AM","9,549.0","",,
"May 12, 2022 12:00:00 AM","9,549.0","",,
"May 13, 2022 12:00:00 AM","9,549.0","",,
"May 14, 2022 12:00:00 AM","9,549.0","",,
"May 15, 2022 12:00:00 AM","9,549.0","",,
"May 16, 2022 12:00:00 AM","9,549.0","",,
"May 17, 2022 12:00:00 AM","9,549.0","",,
"May 18, 2022 12:00:00 AM","9,549.0","",,
"May 19, 2022 12:00:00 AM","9,549.0","",,
"May 20, 2022 12:00:00 AM","9,549.0","",,
"May 21, 2022 12:00:00 AM","9,549.0","",,
"May 22, 2022 12:00:00 AM","9,549.0","",,
"May 24, 2022 12:00:00 AM","9,549.0","",,
"May 25, 2022 12:00:00 AM","9,549.0","",,
"May 26, 2022 12:00:00 AM","9,549.0","",,
"May 28, 2022 12:00:00 AM","9,549.0","",,
"May 29, 2022 12:00:00 AM","9,549.0","",,
"May 30, 2022 12:00:00 AM","9,549.0","",,
"May 31, 2022 12:00:00 AM","9,549.0","",,
"June 1, 2022 12:00:00 AM","9,549.0","",,
"June 2, 2022 12:00:00 AM","9,549.0","",,
"June 3, 2022 12:00:00 AM","9,549.0","",,
"June 4, 2022 12:00:00 AM","9,549.0","",,
"June 5, 2022 12:00:00 AM","9,549.0","",,
"June 6, 2022 12:00:00 AM","9,549.0","",,
"June 7, 2022 12:00:00 AM","9,549.0","",,
"June 8, 2022 12:00:00 AM","9,549.0","",,
"June 9, 2022 12:00:00 AM","9,549.0","",,
"June 11, 2022 12:00:00 AM","9,549.0","",,
"June 12, 2022 12:00:00 AM","9,549.0","",,
"June 13, 2022 12:00:00 AM","9,549.0","",,
"June 15, 2022 12:00:00 AM","9,549.0","",,
"June 16, 2022 12:00:00 AM","9,549.0","",,
"June 17, 2022 12:00:00 AM","9,549.0","",,
"June 18, 2022 12:00:00 AM","9,549.0","",,
"June 19, 2022 12:00:00 AM","9,549.0","",,
"June 20, 2022 12:00:00 AM","9,549.0","",,
"June 21, 2022 12:00:00 AM","9,549.0","",,
"June 22, 2022 12:00:00 AM","9,549.0","",,
"June 23, 2022 12:00:00 AM","9,549.0","",,
"June 24, 2022 12:00:00 AM","9,549.0","",,
"June 25, 2022 12:00:00 AM","9,549.0","",,
"June 26, 2022 12:00:00 AM","9,549.0","",,
"June 27, 2022 12:00:00 AM","9,549.0","",,
"June 28, 2022 12:00:00 AM","9,549.0","",,
"June 29, 2022 12:00:00 AM","9,549.0","",,
"June 30, 2022 12:00:00 AM","9,549.0","",,
"July 1, 2022 12:00:00 AM","9,549.0","",,
"July 2, 2022 12:00:00 AM","9,549.0","",,
"July 3, 2022 12:00:00 AM","9,549.0","",,
"July 4, 2022 12:00:00 AM","9,549.0","",,
"July 5, 2022 12:00:00 AM","9,549.0","",,
"July 6, 2022 12:00:00 AM","9,549.0","",,
"July 7, 2022 12:00:00 AM","9,549.0","",,
"July 8, 2022 12:00:00 AM","9,549.0","",,
"July 9, 2022 12:00:00 AM","9,549.0","",,
"July 10, 2022 12:00:00 AM","9,549.0","",,
"July 11, 2022 12:00:00 AM","9,549.0","",,
"July 12, 2022 12:00:00 AM","9,549.2","",,
"July 13, 2022 12:00:00 AM","9,549.2","",,
"July 14, 2022 12:00:00 AM","9,549.2","",,
"July 15, 2022 12:00:00 AM","9,549.2","",,
"July 16, 2022 12:00:00 AM","9,549.2","",,
"July 17, 2022 12:00:00 AM","9,549.2","",,
"July 18, 2022 12:00:00 AM","9,549.2","",,
"July 19, 2022 12:00:00 AM","9,549.2","",,
"July 20, 2022 12:00:00 AM","9,549.2","",,
"July 21, 2022 12:00:00 AM","9,549.2","",,
"July 22, 2022 12:00:00 AM","9,549.2","",,
"July 23, 2022 12:00:00 AM","9,549.2","",,
"July 24, 2022 12:00:00 AM","9,549.2","",,
"July 25, 2022 12:00:00 AM","9,549.2","",,
"July 26, 2022 12:00:00 AM","9,549.2","",,
"July 27, 2022 12:00:00 AM","9,549.2","",,
"July 28, 2022 12:00:00 AM","9,549.2","",,
"July 29, 2022 12:00:00 AM","9,549.2","",,
"July 30, 2022 12:00:00 AM","9,549.2","",,
"July 31, 2022 12:00:00 AM","9,549.2","",,
"August 1, 2022 12:00:00 AM","9,549.2","",,
"August 2, 2022 12:00:00 AM","9,549.2","",,
"August 3, 2022 12:00:00 AM","9,549.2","",,
"August 4, 2022 12:00:00 AM","9,549.2","",,
"August 5, 2022 12:00:00 AM","9,549.2","",,
"August 6, 2022 12:00:00 AM","9,549.2","",,
"August 7, 2022 12:00:00 AM","9,549.2","",,
"August 8, 2022 12:00:00 AM","9,549.2","",,
"August 9, 2022 12:00:00 AM","9,549.2","",,
"August 10, 2022 12:00:00 AM","9,549.2","",,
"August 11, 2022 12:00:00 AM","9,549.2","",,
"August 12, 2022 12:00:00 AM","9,549.2","",,
"August 13, 2022 12:00:00 AM","9,549.2","",,
"August 14, 2022 12:00:00 AM","9,549.2","",,
"August 15, 2022 12:00:00 AM","9,549.2","",,
"August 16, 2022 12:00:00 AM","9,549.2","",,
"August 17, 2022 12:00:00 AM","9,549.2","",,
"August 18, 2022 12:00:00 AM","9,549.2","",,
"August 19, 2022 12:00:00 AM","9,549.2","",,
"August 20, 2022 12:00:00 AM","9,549.2","",,
"August 21, 2022 12:00:00 AM","9,549.2","",,
"August 22, 2022 12:00:00 AM","9,549.2","",,
"August 23, 2022 12:00:00 AM","9,549.2","",,
"August 24, 2022 12:00:00 AM","9,549.2","",,
"August 25, 2022 12:00:00 AM","9,549.2","",,
"August 26, 2022 12:00:00 AM","9,549.2","",,
"August 27, 2022 12:00:00 AM","9,549.2","",,
"August 28, 2022 12:00:00 AM","9,549.2","",,
"August 29, 2022 12:00:00 AM","9,549.2","",,
"August 30, 2022 12:00:00 AM","9,549.2","",,
"August 31, 2022 12:00:00 AM","9,549.2","",,
"September 1, 2022 12:00:00 AM","9,549.2","",,
"September 2, 2022 12:00:00 AM","9,549.2","",,
"September 3, 2022 12:00:00 AM","9,549.2","",,
"September 4, 2022 12:00:00 AM","9,549.2","",,
"September 5, 2022 12:00:00 AM","9,549.2","",,
"September 6, 2022 12:00:00 AM","9,549.2","",,
"September 7, 2022 12:00:00 AM","9,549.2","",,
"September 8, 2022 12:00:00 AM","9,549.2","",,
"September 9, 2022 12:00:00 AM","9,549.2","",,
"September 10, 2022 12:00:00 AM","9,549.2","",,
"September 11, 2022 12:00:00 AM","9,549.2","",,
"September 12, 2022 12:00:00 AM","9,549.2","",,
"September 13, 2022 12:00:00 AM","9,549.2","",,
"September 14, 2022 12:00:00 AM","9,549.2","",,
"September 15, 2022 12:00:00 AM","9,549.2","",,
"September 16, 2022 12:00:00 AM","9,549.2","",,
"September 17, 2022 12:00:00 AM","9,549.2","",,
"September 18, 2022 12:00:00 AM","9,549.2","",,
"September 19, 2022 12:00:00 AM","9,549.2","",,
"September 20, 2022 12:00:00 AM","9,549.2","",,
"September 21, 2022 12:00:00 AM","9,549.2","",,
"September 22, 2022 12:00:00 AM","9,549.2","",,
"September 23, 2022 12:00:00 AM","9,549.2","",,
"September 24, 2022 12:00:00 AM","9,549.2","",,
"September 25, 2022 12:00:00 AM","9,549.2","",,
"September 26, 2022 12:00:00 AM","9,549.2","",,
"September 27, 2022 12:00:00 AM","9,549.2","",,
"September 28, 2022 12:00:00 AM","9,556.4","",,
"September 29, 2022 12:00:00 AM","9,563.9","",,
"September 30, 2022 12:00:00 AM","9,572.7","",,
"October 1, 2022 12:00:00 AM","9,580.1","",,
"October 2, 2022 12:00:00 AM","9,587.6","",,
"October 3, 2022 12:00:00 AM","9,587.6","",,
"October 4, 2022 12:00:00 AM","9,587.6","",,
"October 5, 2022 12:00:00 AM","9,595.0","",,
"October 6, 2022 12:00:00 AM","9,602.1","",,
"October 7, 2022 12:00:00 AM","9,602.1","",,
"October 8, 2022 12:00:00 AM","9,609.4","",,
"October 9, 2022 12:00:00 AM","9,616.2","",,
"October 10, 2022 12:00:00 AM","9,616.2","",,
"October 11, 2022 12:00:00 AM","9,616.2","",,
"October 12, 2022 12:00:00 AM","9,622.3","",,
"October 13, 2022 12:00:00 AM","9,629.6","",,
"October 14, 2022 12:00:00 AM","9,641.4","",,
"October 15, 2022 12:00:00 AM","9,647.5","",,
"October 16, 2022 12:00:00 AM","9,653.3","",,
"October 17, 2022 12:00:00 AM","9,656.0","",,
"October 18, 2022 12:00:00 AM","9,656.0","",,
"October 19, 2022 12:00:00 AM","9,656.0","",,
"October 20, 2022 12:00:00 AM","9,659.8","",,
"October 21, 2022 12:00:00 AM","9,665.9","",,
"October 22, 2022 12:00:00 AM","9,670.5","",,
"October 23, 2022 12:00:00 AM","9,670.5","",,
"October 24, 2022 12:00:00 AM","9,670.5","",,
"October 25, 2022 12:00:00 AM","9,670.5","",,
"October 26, 2022 12:00:00 AM","9,670.5","",,
"October 27, 2022 12:00:00 AM","9,676.0","",,
"October 28, 2022 12:00:00 AM","9,679.4","",,
"October 29, 2022 12:00:00 AM","9,679.4","",,
"October 30, 2022 12:00:00 AM","9,679.4","",,
"October 31, 2022 12:00:00 AM","9,679.4","",,
"November 1, 2022 12:00:00 AM","9,679.4","",,
"November 2, 2022 12:00:00 AM","9,689.9","",,
"November 3, 2022 12:00:00 AM","9,690.4","",,
"November 4, 2022 12:00:00 AM","9,692.8","",,
"November 5, 2022 12:00:00 AM","9,699.1","",,
"November 6, 2022 12:00:00 AM","9,709.9","",,
"November 7, 2022 12:00:00 AM","9,713.8","",,
"November 8, 2022 12:00:00 AM","9,713.8","",,
"November 9, 2022 12:00:00 AM","9,720.3","",,
"November 10, 2022 12:00:00 AM","9,726.7","",,
"November 11, 2022 12:00:00 AM","9,733.3","",,
"November 12, 2022 12:00:00 AM","9,739.9","",,
"November 13, 2022 12:00:00 AM","9,739.9","",,
"November 14, 2022 12:00:00 AM","9,743.5","",,
"November 15, 2022 12:00:00 AM","9,748.1","",,
"November 16, 2022 12:00:00 AM","9,780.0","",,
"November 17, 2022 12:00:00 AM","9,786.7","",,
"November 18, 2022 12:00:00 AM","9,793.6","",,
"November 19, 2022 12:00:00 AM","9,800.6","",,
"November 20, 2022 12:00:00 AM","9,807.6","",,
"November 21, 2022 12:00:00 AM","9,811.7","",,
"November 22, 2022 12:00:00 AM","9,813.7","",,
"November 23, 2022 12:00:00 AM","9,861.3","",,
"November 24, 2022 12:00:00 AM","9,891.9","",,
"November 25, 2022 12:00:00 AM","9,917.8","",,
"November 26, 2022 12:00:00 AM","9,930.5","",,
"November 27, 2022 12:00:00 AM","9,943.0","",,
"November 28, 2022 12:00:00 AM","9,947.1","",,
"November 29, 2022 12:00:00 AM","9,950.3","",,
"November 30, 2022 12:00:00 AM","9,980.5","",,
"December 1, 2022 12:00:00 AM","10,006.1","",,
"December 2, 2022 12:00:00 AM","10,018.8","",,
"December 3, 2022 12:00:00 AM","10,060.5","",,
"December 4, 2022 12:00:00 AM","10,094.2","",,
"December 5, 2022 12:00:00 AM","10,099.9","",,
"December 6, 2022 12:00:00 AM","10,101.0","",,
"December 7, 2022 12:00:00 AM","10,140.5","",,
"December 8, 2022 12:00:00 AM","10,147.9","",,
"December 9, 2022 12:00:00 AM","10,155.4","",,
"December 10, 2022 12:00:00 AM","10,163.6","",,
"December 11, 2022 12:00:00 AM","10,183.9","",,
"December 12, 2022 12:00:00 AM","10,187.9","",,
"December 13, 2022 12:00:00 AM","10,190.3","",,
"December 14, 2022 12:00:00 AM","10,226.5","",,
"December 15, 2022 12:00:00 AM","10,250.0","",,
"December 16, 2022 12:00:00 AM","10,270.9","",,
"December 17, 2022 12:00:00 AM","10,291.7","",,
"December 18, 2022 12:00:00 AM","10,306.5","",,
"December 19, 2022 12:00:00 AM","10,310.8","",,
"December 20, 2022 12:00:00 AM","10,313.3","",,
"December 21, 2022 12:00:00 AM","10,325.8","",,
"December 22, 2022 12:00:00 AM","10,333.1","",,
"December 23, 2022 12:00:00 AM","10,340.6","",,
"December 24, 2022 12:00:00 AM","10,348.0","",,
"December 25, 2022 12:00:00 AM","10,355.3","",,
"December 26, 2022 12:00:00 AM","10,355.3","",,
"December 27, 2022 12:00:00 AM","10,355.3","",,
"December 28, 2022 12:00:00 AM","10,355.3","",,
"December 29, 2022 12:00:00 AM","10,355.3","",,
"December 30, 2022 12:00:00 AM","10,355.3","",,
"December 31, 2022 12:00:00 AM","10,355.3","",,
"January 1, 2023 12:00:00 AM","10,355.3","",,
"January 2, 2023 12:00:00 AM","10,355.3","",,
"January 3, 2023 12:00:00 AM","10,355.3","",,
"January 4, 2023 12:00:00 AM","10,362.6","",,
"January 5, 2023 12:00:00 AM","10,370.1","",,
"January 6, 2023 12:00:00 AM","10,377.2","",,
"January 7, 2023 12:00:00 AM","10,384.4","",,
"January 8, 2023 12:00:00 AM","10,391.6","",,
"January 9, 2023 12:00:00 AM","10,395.4","",,
"January 10, 2023 12:00:00 AM","10,395.4","",,
"January 11, 2023 12:00:00 AM","10,402.9","",,
"January 12, 2023 12:00:00 AM","10,410.5","",,
"January 13, 2023 12:00:00 AM","10,416.2","",,
"January 14, 2023 12:00:00 AM","10,423.9","",,
"January 15, 2023 12:00:00 AM","10,431.5","",,
"January 16, 2023 12:00:00 AM","10,435.7","",,
"January 17, 2023 12:00:00 AM","10,435.7","",,
"January 18, 2023 12:00:00 AM","10,444.0","",,
"January 19, 2023 12:00:00 AM","10,459.5","",,
"January 20, 2023 12:00:00 AM","10,473.9","",,
"January 21, 2023 12:00:00 AM","10,486.6","",,
"January 22, 2023 12:00:00 AM","10,498.0","",,
"January 23, 2023 12:00:00 AM","10,502.9","",,
"January 24, 2023 12:00:00 AM","10,505.0","",,
"January 25, 2023 12:00:00 AM","10,521.2","",,
"January 26, 2023 12:00:00 AM","10,532.5","",,
"January 27, 2023 12:00:00 AM","10,554.6","",,
"January 28, 2023 12:00:00 AM","10,565.8","",,
"January 29, 2023 12:00:00 AM","10,574.4","",,
"January 30, 2023 12:00:00 AM","10,578.9","",,
"January 31, 2023 12:00:00 AM","10,579.4","",,
"February 1, 2023 12:00:00 AM","10,587.9","",,
"February 2, 2023 12:00:00 AM","10,596.3","",,
"February 3, 2023 12:00:00 AM","10,604.7","",,
"February 4, 2023 12:00:00 AM","10,612.9","",,
"February 5, 2023 12:00:00 AM","10,620.8","",,
"February 6, 2023 12:00:00 AM","10,625.1","",,
"February 7, 2023 12:00:00 AM","10,625.1","",,
"February 8, 2023 12:00:00 AM","10,633.6","",,
"February 9, 2023 12:00:00 AM","10,644.1","",,
"February 10, 2023 12:00:00 AM","10,657.2","",,
"February 11, 2023 12:00:00 AM","10,670.5","",,
"February 12, 2023 12:00:00 AM","10,679.4","",,
"February 13, 2023 12:00:00 AM","10,684.0","",,
"February 14, 2023 12:00:00 AM","10,684.0","",,
"February 15, 2023 12:00:00 AM","10,692.5","",,
"February 16, 2023 12:00:00 AM","10,700.8","",,
"February 17, 2023 12:00:00 AM","10,709.3","",,
"February 18, 2023 12:00:00 AM","10,717.5","",,
"February 19, 2023 12:00:00 AM","10,725.3","",,
"February 20, 2023 12:00:00 AM","10,729.6","",,
"February 21, 2023 12:00:00 AM","10,729.6","",,
"February 22, 2023 12:00:00 AM","10,738.1","",,
"February 23, 2023 12:00:00 AM","10,746.4","",,
"February 24, 2023 12:00:00 AM","10,754.7","",,
"February 25, 2023 12:00:00 AM","10,762.6","",,
"February 26, 2023 12:00:00 AM","10,771.2","",,
"February 27, 2023 12:00:00 AM","10,775.8","",,
"February 28, 2023 12:00:00 AM","10,775.8","",,
"March 1, 2023 12:00:00 AM","10,786.0","",,
"March 2, 2023 12:00:00 AM","10,795.0","",,
"March 3, 2023 12:00:00 AM","10,804.5","",,
"March 4, 2023 12:00:00 AM","10,814.4","",,
"March 5, 2023 12:00:00 AM","10,824.4","",,
"March 6, 2023 12:00:00 AM","10,829.0","",,
"March 7, 2023 12:00:00 AM","10,829.0","",,
"March 8, 2023 12:00:00 AM","10,837.8","",,
"March 9, 2023 12:00:00 AM","10,846.8","",,
"March 10, 2023 12:00:00 AM","10,861.1","",,
"March 11, 2023 12:00:00 AM","10,870.4","",,
"March 12, 2023 12:00:00 AM","10,878.9","",,
"March 13, 2023 12:00:00 AM","10,883.7","",,
"March 14, 2023 12:00:00 AM","10,883.7","",,
"March 15, 2023 12:00:00 AM","10,890.9","",,
"March 16, 2023 12:00:00 AM","10,899.3","",,
"March 17, 2023 12:00:00 AM","10,907.5","",,
"March 18, 2023 12:00:00 AM","10,915.2","",,
"March 19, 2023 12:00:00 AM","10,922.2","",,
"March 20, 2023 12:00:00 AM","10,925.9","",,
"March 21, 2023 12:00:00 AM","10,925.9","",,
"March 22, 2023 12:00:00 AM","10,933.9","",,
"March 23, 2023 12:00:00 AM","10,941.5","",,
"March 24, 2023 12:00:00 AM","10,949.0","",,
"March 25, 2023 12:00:00 AM","10,956.2","",,
"March 26, 2023 12:00:00 AM","10,956.2","",,
"March 27, 2023 12:00:00 AM","10,960.3","",,
"March 28, 2023 12:00:00 AM","10,960.3","",,
"March 29, 2023 12:00:00 AM","10,968.6","",,
"April 5, 2023 12:00:00 AM","11,013.3","",,
"April 6, 2023 12:00:00 AM","11,023.0","",,
"April 7, 2023 12:00:00 AM","11,038.9","",,
"April 8, 2023 12:00:00 AM","11,054.8","",,
"April 9, 2023 12:00:00 AM","11,070.2","",,
"April 10, 2023 12:00:00 AM","11,075.0","",,
"April 11, 2023 12:00:00 AM","11,075.2","",,
"April 12, 2023 12:00:00 AM","11,076.7","",,
"April 13, 2023 12:00:00 AM","11,096.6","",,
"April 14, 2023 12:00:00 AM","11,115.8","",,
"April 15, 2023 12:00:00 AM","11,131.0","",,
"April 16, 2023 12:00:00 AM","11,150.0","",,
"April 17, 2023 12:00:00 AM","11,153.8","",,
"April 18, 2023 12:00:00 AM","11,154.8","",,
"April 19, 2023 12:00:00 AM","11,187.0","",,
"April 20, 2023 12:00:00 AM","11,194.8","",,
"April 21, 2023 12:00:00 AM","11,207.1","",,
"April 22, 2023 12:00:00 AM","11,225.0","",,
"April 23, 2023 12:00:00 AM","11,238.9","",,
"April 24, 2023 12:00:00 AM","11,243.2","",,
"April 25, 2023 12:00:00 AM","11,244.2","",,
"April 26, 2023 12:00:00 AM","11,260.5","",,
"April 27, 2023 12:00:00 AM","11,278.7","",,
"April 28, 2023 12:00:00 AM","11,312.2","",,
"April 29, 2023 12:00:00 AM","11,331.0","",,
"April 30, 2023 12:00:00 AM","11,337.9","",,
"May 1, 2023 12:00:00 AM","11,341.7","",,
"May 2, 2023 12:00:00 AM","11,341.7","",,
"May 3, 2023 12:00:00 AM","11,341.7","",,
"May 4, 2023 12:00:00 AM","11,346.5","",,
"May 5, 2023 12:00:00 AM","11,351.6","",,
"May 6, 2023 12:00:00 AM","11,356.2","",,
"May 7, 2023 12:00:00 AM","11,360.5","",,
"May 8, 2023 12:00:00 AM","11,360.5","",,
"May 9, 2023 12:00:00 AM","11,360.5","",,
"May 10, 2023 12:00:00 AM","11,365.1","",,
"May 11, 2023 12:00:00 AM","11,369.5","",,
"May 12, 2023 12:00:00 AM","11,374.2","",,
"May 13, 2023 12:00:00 AM","11,378.7","",,
"May 14, 2023 12:00:00 AM","11,383.7","",,
"May 15, 2023 12:00:00 AM","11,383.7","",,
"May 16, 2023 12:00:00 AM","11,383.7","",,
"May 17, 2023 12:00:00 AM","11,383.7","",,
"May 18, 2023 12:00:00 AM","11,383.7","",,
"May 19, 2023 12:00:00 AM","11,383.7","",,
"May 20, 2023 12:00:00 AM","11,383.7","",,
"May 21, 2023 12:00:00 AM","11,383.7","",,
"May 22, 2023 12:00:00 AM","11,383.7","",,
"May 23, 2023 12:00:00 AM","11,383.7","",,
"May 24, 2023 12:00:00 AM","11,383.7","",,
"May 25, 2023 12:00:00 AM","11,383.7","",,
"May 26, 2023 12:00:00 AM","11,383.7","",,
"May 27, 2023 12:00:00 AM","11,383.7","",,
"May 28, 2023 12:00:00 AM","11,383.7","",,
"May 29, 2023 12:00:00 AM","11,383.7","",,
"May 30, 2023 12:00:00 AM","11,383.7","",,
"May 31, 2023 12:00:00 AM","11,383.7","",,
"June 1, 2023 12:00:00 AM","11,383.7","",,
"June 2, 2023 12:00:00 AM","11,383.7","",,
"June 3, 2023 12:00:00 AM","11,383.7","",,
"June 4, 2023 12:00:00 AM","11,383.7","",,
"June 5, 2023 12:00:00 AM","11,383.7","",,
"June 6, 2023 12:00:00 AM","11,383.7","",,
"June 7, 2023 12:00:00 AM","11,383.7","",,
"June 8, 2023 12:00:00 AM","11,383.7","",,
"June 9, 2023 12:00:00 AM","11,383.7","",,
"June 10, 2023 12:00:00 AM","11,383.7","",,
"June 11, 2023 12:00:00 AM","11,383.7","",,
"June 12, 2023 12:00:00 AM","11,383.7","",,
"June 13, 2023 12:00:00 AM","11,383.7","",,
"June 14, 2023 12:00:00 AM","11,383.7","",,
"June 15, 2023 12:00:00 AM","11,383.7","",,
"June 16, 2023 12:00:00 AM","11,383.7","",,
"June 17, 2023 12:00:00 AM","11,383.7","",,
"June 18, 2023 12:00:00 AM","11,383.7","",,
"June 19, 2023 12:00:00 AM","11,383.7","",,
"June 20, 2023 12:00:00 AM","11,383.7","",,
"June 21, 2023 12:00:00 AM","11,383.7","",,
"June 22, 2023 12:00:00 AM","11,383.7","",,
"June 23, 2023 12:00:00 AM","11,383.7","",,
"June 24, 2023 12:00:00 AM","11,383.7","",,
"June 25, 2023 12:00:00 AM","11,383.7","",,
"June 26, 2023 12:00:00 AM","11,383.7","",,
"June 27, 2023 12:00:00 AM","11,383.7","",,
"June 28, 2023 12:00:00 AM","11,383.7","",,
"June 29, 2023 12:00:00 AM","11,383.7","",,
"June 30, 2023 12:00:00 AM","11,383.7","",,
"July 1, 2023 12:00:00 AM","11,383.7","",,
"July 2, 2023 12:00:00 AM","11,383.7","",,
"July 3, 2023 12:00:00 AM","11,383.7","",,
"July 4, 2023 12:00:00 AM","11,383.7","",,
"July 5, 2023 12:00:00 AM","11,383.7","",,
"July 6, 2023 12:00:00 AM","11,383.7","",,
"July 7, 2023 12:00:00 AM","11,383.7","",,
"July 8, 2023 12:00:00 AM","11,383.7","",,
"July 9, 2023 12:00:00 AM","11,383.7","",,
"July 10, 2023 12:00:00 AM","11,383.7","",,
"July 11, 2023 12:00:00 AM","11,383.7","",,
"July 12, 2023 12:00:00 AM","11,383.7","",,
"July 13, 2023 12:00:00 AM","11,383.7","",,
"July 14, 2023 12:00:00 AM","11,383.7","",,
"July 15, 2023 12:00:00 AM","11,383.7","",,
"July 16, 2023 12:00:00 AM","11,383.7","",,
"July 17, 2023 12:00:00 AM","11,383.7","",,
"July 18, 2023 12:00:00 AM","11,383.7","",,
"July 19, 2023 12:00:00 AM","11,383.7","",,
"July 20, 2023 12:00:00 AM","11,383.7","",,
"July 21, 2023 12:00:00 AM","11,383.7","",,
"July 22, 2023 12:00:00 AM","11,383.7","",,
"July 23, 2023 12:00:00 AM","11,383.7","",,
"July 24, 2023 12:00:00 AM","11,383.7","",,
"July 25, 2023 12:00:00 AM","11,383.7","",,
"July 26, 2023 12:00:00 AM","11,383.7","",,
"July 27, 2023 12:00:00 AM","11,383.7","",,
"July 28, 2023 12:00:00 AM","11,383.7","",,
"July 29, 2023 12:00:00 AM","11,383.7","",,
"July 30, 2023 12:00:00 AM","11,383.7","",,
"July 31, 2023 12:00:00 AM","11,383.7","",,
"August 1, 2023 12:00:00 AM","11,383.7","",,
"August 2, 2023 12:00:00 AM","11,383.7","",,
"August 3, 2023 12:00:00 AM","11,383.7","",,
"August 4, 2023 12:00:00 AM","11,383.7","",,
"August 5, 2023 12:00:00 AM","11,383.7","",,
"August 6, 2023 12:00:00 AM","11,383.7","",,
"August 7, 2023 12:00:00 AM","11,383.7","",,
"August 8, 2023 12:00:00 AM","11,383.7","",,
"August 9, 2023 12:00:00 AM","11,383.7","",,
"August 10, 2023 12:00:00 AM","11,383.7","",,
"August 11, 2023 12:00:00 AM","11,383.7","",,
"August 12, 2023 12:00:00 AM","11,383.7","",,
"August 13, 2023 12:00:00 AM","11,383.7","",,
"August 14, 2023 12:00:00 AM","11,383.7","",,
"August 15, 2023 12:00:00 AM","11,383.7","",,
"August 16, 2023 12:00:00 AM","11,383.7","",,
"August 17, 2023 12:00:00 AM","11,383.7","",,
"August 18, 2023 12:00:00 AM","11,383.7","",,
"August 19, 2023 12:00:00 AM","11,383.7","",,
"August 20, 2023 12:00:00 AM","11,383.7","",,
"August 21, 2023 12:00:00 AM","11,383.7","",,
"August 22, 2023 12:00:00 AM","11,383.7","",,
"August 23, 2023 12:00:00 AM","11,383.7","",,
"August 24, 2023 12:00:00 AM","11,383.7","",,
"August 25, 2023 12:00:00 AM","11,383.7","",,
"August 26, 2023 12:00:00 AM","11,383.7","",,
"August 27, 2023 12:00:00 AM","11,383.7","",,
"August 28, 2023 12:00:00 AM","11,383.7","",,
"August 29, 2023 12:00:00 AM","11,383.7","",,
"August 30, 2023 12:00:00 AM","11,383.7","",,
"August 31, 2023 12:00:00 AM","11,383.7","",,
"September 1, 2023 12:00:00 AM","11,383.7","",,
"September 2, 2023 12:00:00 AM","11,383.7","",,
"September 3, 2023 12:00:00 AM","11,383.7","",,
"September 4, 2023 12:00:00 AM","11,383.7","",,
"September 5, 2023 12:00:00 AM","11,383.7","",,
"September 6, 2023 12:00:00 AM","11,383.7","",,
"September 7, 2023 12:00:00 AM","11,383.7","",,
"September 8, 2023 12:00:00 AM","11,383.7","",,
"September 9, 2023 12:00:00 AM","11,383.7","",,
"September 10, 2023 12:00:00 AM","11,383.7","",,
"September 11, 2023 12:00:00 AM","11,383.7","",,
"September 12, 2023 12:00:00 AM","11,383.7","",,
"September 13, 2023 12:00:00 AM","11,383.7","",,
"September 14, 2023 12:00:00 AM","11,383.7","",,
"September 15, 2023 12:00:00 AM","11,383.7","",,
"September 16, 2023 12:00:00 AM","11,383.7","",,
"September 17, 2023 12:00:00 AM","11,383.7","",,
"September 18, 2023 12:00:00 AM","11,383.7","",,
"September 19, 2023 12:00:00 AM","11,383.7","",,
"September 20, 2023 12:00:00 AM","11,383.7","",,
"September 21, 2023 12:00:00 AM","11,383.7","",,
"September 22, 2023 12:00:00 AM","11,383.7","",,
"September 23, 2023 12:00:00 AM","11,383.7","",,
"September 24, 2023 12:00:00 AM","11,383.7","",,
"September 25, 2023 12:00:00 AM","11,383.7","",,
"September 26, 2023 12:00:00 AM","11,383.7","",,
"September 27, 2023 12:00:00 AM","11,383.7","",,
"September 28, 2023 12:00:00 AM","11,383.7","",,
"September 29, 2023 12:00:00 AM","11,383.7","",,
"September 30, 2023 12:00:00 AM","11,383.7","",,
"October 1, 2023 12:00:00 AM","11,383.7","",,
"October 2, 2023 12:00:00 AM","11,383.7","",,
"October 3, 2023 12:00:00 AM","11,383.7","",,
"October 4, 2023 12:00:00 AM","11,383.7","",,
"October 5, 2023 12:00:00 AM","11,383.7","",,
"October 6, 2023 12:00:00 AM","11,387.7","",,
"October 7, 2023 12:00:00 AM","11,391.6","",,
"October 8, 2023 12:00:00 AM","11,395.5","",,
"October 9, 2023 12:00:00 AM","11,395.5","",,
"October 10, 2023 12:00:00 AM","11,395.5","",,
"October 11, 2023 12:00:00 AM","11,395.5","",,
"October 12, 2023 12:00:00 AM","11,399.5","",,
"October 13, 2023 12:00:00 AM","11,399.5","",,
"October 14, 2023 12:00:00 AM","11,399.5","",,
"October 15, 2023 12:00:00 AM","11,399.5","",,
"October 16, 2023 12:00:00 AM","11,403.2","",,
"October 17, 2023 12:00:00 AM","11,403.2","",,
"October 18, 2023 12:00:00 AM","11,410.4","",,
"October 19, 2023 12:00:00 AM","11,417.4","",,
"October 20, 2023 12:00:00 AM","11,424.2","",,
"October 21, 2023 12:00:00 AM","11,428.9","",,
"October 22, 2023 12:00:00 AM","11,431.5","",,
"October 23, 2023 12:00:00 AM","11,435.3","",,
"October 24, 2023 12:00:00 AM","11,435.3","",,
"October 25, 2023 12:00:00 AM","11,442.1","",,
"October 26, 2023 12:00:00 AM","11,449.0","",,
"October 27, 2023 12:00:00 AM","11,456.2","",,
"October 28, 2023 12:00:00 AM","11,463.4","",,
"October 29, 2023 12:00:00 AM","11,470.3","",,
"October 30, 2023 12:00:00 AM","11,474.0","",,
"October 31, 2023 12:00:00 AM","11,474.0","",,
"November 1, 2023 12:00:00 AM","11,481.1","",,
"November 2, 2023 12:00:00 AM","11,488.4","",,
"November 3, 2023 12:00:00 AM","11,488.4","",,
"November 4, 2023 12:00:00 AM","11,488.4","",,
"November 5, 2023 12:00:00 AM","11,488.4","",,
"November 6, 2023 12:00:00 AM","11,492.7","",,
"November 7, 2023 12:00:00 AM","11,492.7","",,
"November 8, 2023 12:00:00 AM","11,500.4","",,
"November 9, 2023 12:00:00 AM","11,508.0","",,
"November 10, 2023 12:00:00 AM","11,515.8","",,
"November 11, 2023 12:00:00 AM","11,523.3","",,
"November 12, 2023 12:00:00 AM","11,532.1","",,
"November 13, 2023 12:00:00 AM","11,536.6","",,
"November 14, 2023 12:00:00 AM","11,536.6","",,
"November 15, 2023 12:00:00 AM","11,544.1","",,
"November 16, 2023 12:00:00 AM","11,551.7","",,
"November 17, 2023 12:00:00 AM","11,559.3","",,
"November 18, 2023 12:00:00 AM","11,567.2","",,
"November 19, 2023 12:00:00 AM","11,575.2","",,
"November 20, 2023 12:00:00 AM","11,579.6","",,
"November 21, 2023 12:00:00 AM","11,579.6","",,
"November 22, 2023 12:00:00 AM","11,587.5","",,
"November 23, 2023 12:00:00 AM","11,594.9","",,
"November 24, 2023 12:00:00 AM","11,602.9","",,
"November 25, 2023 12:00:00 AM","11,610.4","",,
"November 26, 2023 12:00:00 AM","11,619.1","",,
"November 27, 2023 12:00:00 AM","11,624.1","",,
"November 28, 2023 12:00:00 AM","11,624.1","",,
"November 29, 2023 12:00:00 AM","11,644.3","",,
"November 30, 2023 12:00:00 AM","11,660.8","",,
"December 1, 2023 12:00:00 AM","11,676.5","",,
"December 2, 2023 12:00:00 AM","11,695.4","",,
"December 3, 2023 12:00:00 AM","11,718.9","",,
"December 4, 2023 12:00:00 AM","11,723.9","",,
"December 5, 2023 12:00:00 AM","11,726.2","",,
"December 6, 2023 12:00:00 AM","11,766.1","",,
"December 7, 2023 12:00:00 AM","11,782.3","",,
"December 8, 2023 12:00:00 AM","11,795.7","",,
"December 9, 2023 12:00:00 AM","11,810.8","",,
"December 10, 2023 12:00:00 AM","11,819.0","",,
"December 11, 2023 12:00:00 AM","11,823.6","",,
"December 12, 2023 12:00:00 AM","11,823.6","",,
"December 13, 2023 12:00:00 AM","11,832.0","",,
"December 14, 2023 12:00:00 AM","11,840.2","",,
"December 15, 2023 12:00:00 AM","11,848.3","",,
"December 16, 2023 12:00:00 AM","11,856.5","",,
"December 17, 2023 12:00:00 AM","11,864.6","",,
"December 18, 2023 12:00:00 AM","11,869.0","",,
"December 19, 2023 12:00:00 AM","11,869.0","",,
"December 20, 2023 12:00:00 AM","11,880.6","",,
"December 21, 2023 12:00:00 AM","11,889.0","",,
"December 22, 2023 12:00:00 AM","11,898.7","",,
"December 23, 2023 12:00:00 AM","11,907.0","",,
"December 24, 2023 12:00:00 AM","11,915.3","",,
"December 25, 2023 12:00:00 AM","11,915.3","",,
"December 26, 2023 12:00:00 AM","11,915.3","",,
"December 27, 2023 12:00:00 AM","11,915.3","",,
"December 28, 2023 12:00:00 AM","11,915.3","",,
"December 29, 2023 12:00:00 AM","11,915.3","",,
"December 30, 2023 12:00:00 AM","11,915.3","",,
"December 31, 2023 12:00:00 AM","11,915.3","",,
"January 1, 2024 12:00:00 AM","11,915.3","",,
"January 2, 2024 12:00:00 AM","11,915.3","",,
"January 3, 2024 12:00:00 AM","11,915.3","",,
"January 4, 2024 12:00:00 AM","11,931.4","",,
"January 5, 2024 12:00:00 AM","11,940.2","",,
"January 6, 2024 12:00:00 AM","11,949.2","",,
"January 7, 2024 12:00:00 AM","11,960.0","",,
"January 8, 2024 12:00:00 AM","11,964.9","",,
"January 9, 2024 12:00:00 AM","11,967.2","",,
"January 10, 2024 12:00:00 AM","12,010.7","",,
"January 11, 2024 12:00:00 AM","12,037.2","",,
"January 12, 2024 12:00:00 AM","12,063.7","",,
"January 13, 2024 12:00:00 AM","12,089.8","",,
"January 14, 2024 12:00:00 AM","12,106.7","",,
"January 15, 2024 12:00:00 AM","12,111.8","",,
"January 16, 2024 12:00:00 AM","12,113.8","",,
"January 17, 2024 12:00:00 AM","12,154.0","",,
"January 18, 2024 12:00:00 AM","12,177.9","",,
"January 19, 2024 12:00:00 AM","12,202.4","",,
"January 20, 2024 12:00:00 AM","12,227.6","",,
"January 21, 2024 12:00:00 AM","12,250.5","",,
"January 22, 2024 12:00:00 AM","12,255.5","",,
"January 23, 2024 12:00:00 AM","12,255.5","",,
"January 24, 2024 12:00:00 AM","12,265.3","",,
"January 25, 2024 12:00:00 AM","12,277.0","",,
"January 26, 2024 12:00:00 AM","12,285.3","",,
"January 27, 2024 12:00:00 AM","12,293.7","",,
"January 28, 2024 12:00:00 AM","12,302.0","",,
"January 29, 2024 12:00:00 AM","12,306.7","",,
"January 30, 2024 12:00:00 AM","12,306.7","",,
"January 31, 2024 12:00:00 AM","12,318.3","",,
"February 1, 2024 12:00:00 AM","12,327.0","",,
"February 2, 2024 12:00:00 AM","12,335.7","",,
"February 3, 2024 12:00:00 AM","12,344.4","",,
"February 4, 2024 12:00:00 AM","12,354.6","",,
"February 5, 2024 12:00:00 AM","12,359.4","",,
"February 6, 2024 12:00:00 AM","12,359.4","",,
"February 7, 2024 12:00:00 AM","12,368.9","",,
"February 8, 2024 12:00:00 AM","12,377.5","",,
"February 9, 2024 12:00:00 AM","12,386.5","",,
"February 10, 2024 12:00:00 AM","12,397.8","",,
"February 11, 2024 12:00:00 AM","12,406.5","",,
"February 12, 2024 12:00:00 AM","12,411.4","",,
"February 13, 2024 12:00:00 AM","12,411.4","",,
"February 14, 2024 12:00:00 AM","12,422.8","",,
"February 15, 2024 12:00:00 AM","12,432.5","",,
"February 16, 2024 12:00:00 AM","12,440.7","",,
"February 17, 2024 12:00:00 AM","12,448.9","",,
"February 18, 2024 12:00:00 AM","12,456.9","",,
"February 19, 2024 12:00:00 AM","12,461.4","",,
"February 20, 2024 12:00:00 AM","12,461.4","",,
"February 21, 2024 12:00:00 AM","12,470.2","",,
"February 22, 2024 12:00:00 AM","12,478.6","",,
"February 23, 2024 12:00:00 AM","12,487.0","",,
"February 24, 2024 12:00:00 AM","12,495.2","",,
"February 25, 2024 12:00:00 AM","12,504.9","",,
"February 26, 2024 12:00:00 AM","12,509.3","",,
"February 27, 2024 12:00:00 AM","12,509.3","",,
"February 28, 2024 12:00:00 AM","12,521.5","",,
"February 29, 2024 12:00:00 AM","12,530.2","",,
"March 1, 2024 12:00:00 AM","12,538.5","",,
"March 2, 2024 12:00:00 AM","12,546.9","",,
"March 3, 2024 12:00:00 AM","12,555.3","",,
"March 4, 2024 12:00:00 AM","12,560.0","",,
"March 5, 2024 12:00:00 AM","12,560.0","",,
"March 6, 2024 12:00:00 AM","12,571.8","",,
"March 7, 2024 12:00:00 AM","12,580.4","",,
"March 8, 2024 12:00:00 AM","12,588.8","",,
"March 9, 2024 12:00:00 AM","12,597.1","",,
"March 10, 2024 12:00:00 AM","12,606.3","",,
"March 11, 2024 12:00:00 AM","12,610.8","",,
"March 12, 2024 12:00:00 AM","12,610.8","",,
"March 13, 2024 12:00:00 AM","12,619.5","",,
"March 14, 2024 12:00:00 AM","12,628.1","",,
"March 15, 2024 12:00:00 AM","12,636.4","",,
"March 16, 2024 12:00:00 AM","12,644.4","",,
"March 17, 2024 12:00:00 AM","12,652.3","",,
"March 18, 2024 12:00:00 AM","12,656.7","",,
"March 19, 2024 12:00:00 AM","12,656.7","",,
"March 20, 2024 12:00:00 AM","12,665.1","",,
"March 21, 2024 12:00:00 AM","12,673.2","",,
"March 22, 2024 12:00:00 AM","12,681.3","",,
"March 23, 2024 12:00:00 AM","12,692.6","",,
"March 24, 2024 12:00:00 AM","12,701.4","",,
"March 25, 2024 12:00:00 AM","12,706.1","",,
"March 26, 2024 12:00:00 AM","12,706.1","",,
"March 27, 2024 12:00:00 AM","12,730.5","",,
"March 28, 2024 12:00:00 AM","12,750.0","",,
"March 29, 2024 12:00:00 AM","12,769.9","",,
"March 30, 2024 12:00:00 AM","12,788.8","",,
"March 31, 2024 12:00:00 AM","12,802.8","",,
"April 1, 2024 12:00:00 AM","12,807.4","",,
"April 2, 2024 12:00:00 AM","12,807.4","",,
"April 3, 2024 12:00:00 AM","12,812.5","",,
"April 4, 2024 12:00:00 AM","12,835.4","",,
"April 5, 2024 12:00:00 AM","12,850.9","",,
"April 6, 2024 12:00:00 AM","12,867.5","",,
"April 7, 2024 12:00:00 AM","12,879.3","",,
"April 8, 2024 12:00:00 AM","12,879.3","",,
"April 9, 2024 12:00:00 AM","12,879.3","",,
"April 10, 2024 12:00:00 AM","12,890.7","",,
"April 11, 2024 12:00:00 AM","12,899.9","",,
"April 12, 2024 12:00:00 AM","12,913.7","",,
"April 13, 2024 12:00:00 AM","12,922.7","",,
"April 14, 2024 12:00:00 AM","12,930.2","",,
"April 15, 2024 12:00:00 AM","12,930.4","",,
"April 16, 2024 12:00:00 AM","12,930.4","",,
"April 17, 2024 12:00:00 AM","12,945.5","",,
"April 18, 2024 12:00:00 AM","12,961.6","",,
"April 19, 2024 12:00:00 AM","12,977.4","",,
"April 20, 2024 12:00:00 AM","12,992.4","",,
"April 21, 2024 12:00:00 AM","13,004.0","",,
"April 22, 2024 12:00:00 AM","13,008.6","",,
"April 23, 2024 12:00:00 AM","13,008.6","",,
"April 24, 2024 12:00:00 AM","13,029.3","",,
"April 25, 2024 12:00:00 AM","13,048.7","",,
"April 26, 2024 12:00:00 AM","13,066.6","",,
"April 27, 2024 12:00:00 AM","13,086.4","",,
"April 28, 2024 12:00:00 AM","13,102.7","",,
"April 29, 2024 12:00:00 AM","13,107.3","",,
"April 30, 2024 12:00:00 AM","13,107.3","",,
"May 1, 2024 12:00:00 AM","13,123.6","",,
"May 2, 2024 12:00:00 AM","13,132.2","",,
"May 3, 2024 12:00:00 AM","13,132.9","",,
"May 4, 2024 12:00:00 AM","13,141.4","",,
"May 5, 2024 12:00:00 AM","13,151.8","",,
"May 6, 2024 12:00:00 AM","13,156.2","",,
"May 7, 2024 12:00:00 AM","13,156.2","",,
"May 8, 2024 12:00:00 AM","13,169.8","",,
"May 9, 2024 12:00:00 AM","13,176.4","",,
"May 10, 2024 12:00:00 AM","13,187.2","",,
"May 11, 2024 12:00:00 AM","13,188.9","",,
"May 12, 2024 12:00:00 AM","13,189.7","",,
"May 13, 2024 12:00:00 AM","13,189.7","",,
"May 14, 2024 12:00:00 AM","13,189.7","",,
"May 15, 2024 12:00:00 AM","13,192.6","",,
"May 16, 2024 12:00:00 AM","13,193.2","",,
"May 17, 2024 12:00:00 AM","13,193.2","",,
"May 18, 2024 12:00:00 AM","13,193.2","",,
"May 19, 2024 12:00:00 AM","13,193.2","",,
"May 20, 2024 12:00:00 AM","13,193.2","",,
"May 21, 2024 12:00:00 AM","13,193.2","",,
"May 22, 2024 12:00:00 AM","13,193.2","",,
"May 23, 2024 12:00:00 AM","13,193.2","",,
"May 24, 2024 12:00:00 AM","13,193.2","",,
"May 25, 2024 12:00:00 AM","13,193.2","",,
"May 26, 2024 12:00:00 AM","13,193.2","",,
"May 27, 2024 12:00:00 AM","13,193.2","",,
"May 28, 2024 12:00:00 AM","13,193.2","",,
"May 29, 2024 12:00:00 AM","13,193.2","",,
"May 30, 2024 12:00:00 AM","13,193.2","",,
"May 31, 2024 12:00:00 AM","13,193.2","",,
"June 1, 2024 12:00:00 AM","13,193.2","",,
"June 2, 2024 12:00:00 AM","13,193.2","",,
"June 3, 2024 12:00:00 AM","13,193.2","",,
"June 4, 2024 12:00:00 AM","13,193.2","",,
"June 5, 2024 12:00:00 AM","13,193.2","",,
"June 6, 2024 12:00:00 AM","13,193.2","",,
"June 7, 2024 12:00:00 AM","13,193.2","",,
"June 8, 2024 12:00:00 AM","13,193.2","",,
"June 9, 2024 12:00:00 AM","13,193.2","",,
"June 10, 2024 12:00:00 AM","13,193.2","",,
"June 11, 2024 12:00:00 AM","13,193.2","",,
"June 12, 2024 12:00:00 AM","13,193.2","",,
"June 13, 2024 12:00:00 AM","13,193.2","",,
"June 14, 2024 12:00:00 AM","13,193.2","",,
"June 15, 2024 12:00:00 AM","13,193.2","",,
"June 16, 2024 12:00:00 AM","13,193.2","",,
"June 17, 2024 12:00:00 AM","13,193.2","",,
"June 18, 2024 12:00:00 AM","13,193.2","",,
"June 19, 2024 12:00:00 AM","13,193.2","",,
"June 20, 2024 12:00:00 AM","13,193.2","",,
"June 21, 2024 12:00:00 AM","13,193.2","",,
"June 22, 2024 12:00:00 AM","13,193.2","",,
"June 23, 2024 12:00:00 AM","13,193.2","",,
"June 24, 2024 12:00:00 AM","13,193.2","",,
"June 25, 2024 12:00:00 AM","13,193.2","",,
"June 26, 2024 12:00:00 AM","13,193.2","",,
"June 27, 2024 12:00:00 AM","13,193.2","",,
"June 28, 2024 12:00:00 AM","13,193.2","",,
"June 29, 2024 12:00:00 AM","13,193.2","",,
"June 30, 2024 12:00:00 AM","13,193.2","",,
"July 1, 2024 12:00:00 AM","13,193.2","",,
"July 2, 2024 12:00:00 AM","13,193.2","",,
"July 3, 2024 12:00:00 AM","13,193.2","",,
"July 4, 2024 12:00:00 AM","13,193.2","",,
"July 5, 2024 12:00:00 AM","13,193.2","",,
"July 6, 2024 12:00:00 AM","13,193.2","",,
"July 7, 2024 12:00:00 AM","13,193.2","",,
"July 8, 2024 12:00:00 AM","13,193.2","",,
"July 9, 2024 12:00:00 AM","13,193.2","",,
"July 10, 2024 12:00:00 AM","13,193.2","",,
"July 11, 2024 12:00:00 AM","13,193.2","",,
"July 12, 2024 12:00:00 AM","13,193.2","",,
"July 13, 2024 12:00:00 AM","13,193.2","",,
"July 14, 2024 12:00:00 AM","13,193.2","",,
"July 15, 2024 12:00:00 AM","13,193.2","",,
"July 16, 2024 12:00:00 AM","13,193.2","",,
"July 17, 2024 12:00:00 AM","13,193.2","",,
"July 18, 2024 12:00:00 AM","13,193.2","",,
"July 19, 2024 12:00:00 AM","13,193.2","",,
"July 20, 2024 12:00:00 AM","13,193.2","",,
"July 21, 2024 12:00:00 AM","13,193.2","",,
"July 22, 2024 12:00:00 AM","13,193.2","",,
"July 23, 2024 12:00:00 AM","13,193.2","",,
"July 24, 2024 12:00:00 AM","13,193.2","",,
"July 25, 2024 12:00:00 AM","13,193.2","",,
"July 26, 2024 12:00:00 AM","13,193.2","",,
"July 27, 2024 12:00:00 AM","13,193.2","",,
"July 28, 2024 12:00:00 AM","13,193.2","",,
"July 29, 2024 12:00:00 AM","13,193.2","",,
"July 30, 2024 12:00:00 AM","13,193.2","",,
"July 31, 2024 12:00:00 AM","13,193.2","",,
"August 1, 2024 12:00:00 AM","13,193.2","",,
"August 2, 2024 12:00:00 AM","13,193.2","",,
"August 3, 2024 12:00:00 AM","13,193.2","",,
"August 4, 2024 12:00:00 AM","13,193.2","",,
"August 5, 2024 12:00:00 AM","13,193.2","",,
"August 6, 2024 12:00:00 AM","13,193.2","",,
"August 7, 2024 12:00:00 AM","13,193.2","",,
"August 8, 2024 12:00:00 AM","13,193.2","",,
"August 9, 2024 12:00:00 AM","13,193.2","",,
"August 10, 2024 12:00:00 AM","13,193.2","",,
"August 11, 2024 12:00:00 AM","13,193.2","",,
"August 12, 2024 12:00:00 AM","13,193.2","",,
"August 13, 2024 12:00:00 AM","13,193.2","",,
"August 14, 2024 12:00:00 AM","13,193.2","",,
"August 15, 2024 12:00:00 AM","13,193.2","",,
"August 16, 2024 12:00:00 AM","13,193.2","",,
"August 17, 2024 12:00:00 AM","13,193.2","",,
"August 18, 2024 12:00:00 AM","13,193.2","",,
"August 19, 2024 12:00:00 AM","13,193.2","",,
"August 20, 2024 12:00:00 AM","13,193.2","",,
"August 21, 2024 12:00:00 AM","13,193.2","",,
"August 22, 2024 12:00:00 AM","13,193.2","",,
"August 23, 2024 12:00:00 AM","13,193.2","",,
"August 24, 2024 12:00:00 AM","13,193.2","",,
"August 25, 2024 12:00:00 AM","13,193.2","",,
"August 26, 2024 12:00:00 AM","13,193.2","",,
"August 27, 2024 12:00:00 AM","13,193.2","",,
"August 28, 2024 12:00:00 AM","13,193.2","",,
"August 29, 2024 12:00:00 AM","13,193.2","",,
"August 30, 2024 12:00:00 AM","13,193.2","",,
"August 31, 2024 12:00:00 AM","13,193.2","",,
"September 1, 2024 12:00:00 AM","13,193.2","",,
"September 2, 2024 12:00:00 AM","13,193.2","",,
"September 3, 2024 12:00:00 AM","13,193.2","",,
"September 4, 2024 12:00:00 AM","13,193.2","",,
"September 5, 2024 12:00:00 AM","13,193.2","",,
"September 6, 2024 12:00:00 AM","13,193.2","",,
"September 7, 2024 12:00:00 AM","13,193.2","",,
"September 8, 2024 12:00:00 AM","13,193.2","",,
"September 9, 2024 12:00:00 AM","13,193.2","",,
"September 10, 2024 12:00:00 AM","13,193.2","",,
"September 11, 2024 12:00:00 AM","13,193.2","",,
"September 12, 2024 12:00:00 AM","13,193.2","",,
"September 13, 2024 12:00:00 AM","13,193.2","",,
"September 14, 2024 12:00:00 AM","13,193.2","",,
"September 15, 2024 12:00:00 AM","13,193.2","",,
"September 16, 2024 12:00:00 AM","13,193.2","",,
"September 17, 2024 12:00:00 AM","13,193.2","",,
"September 18, 2024 12:00:00 AM","13,193.2","",,
"September 19, 2024 12:00:00 AM","13,193.2","",,
"September 20, 2024 12:00:00 AM","13,193.2","",,
"September 21, 2024 12:00:00 AM","13,193.2","",,
"September 22, 2024 12:00:00 AM","13,193.2","",,
"September 23, 2024 12:00:00 AM","13,193.2","",,
"September 24, 2024 12:00:00 AM","13,193.2","",,
"September 25, 2024 12:00:00 AM","13,193.2","",,
"September 26, 2024 12:00:00 AM","13,193.2","",,
"September 27, 2024 12:00:00 AM","13,193.2","",,
"September 28, 2024 12:00:00 AM","13,193.2","",,
"September 29, 2024 12:00:00 AM","13,198.7","",,
"September 30, 2024 12:00:00 AM","13,198.7","",,
"October 1, 2024 12:00:00 AM","13,198.7","",,
"October 2, 2024 12:00:00 AM","13,212.1","",,
"October 3, 2024 12:00:00 AM","13,212.7","",,
"October 4, 2024 12:00:00 AM","13,220.9","",,
"October 5, 2024 12:00:00 AM","13,229.2","",,
"October 6, 2024 12:00:00 AM","13,237.4","",,
"October 7, 2024 12:00:00 AM","13,241.9","",,
"October 8, 2024 12:00:00 AM","13,241.9","",,
"October 9, 2024 12:00:00 AM","13,248.3","",,
"October 10, 2024 12:00:00 AM","13,248.3","",,
"October 11, 2024 12:00:00 AM","13,256.5","",,
"October 12, 2024 12:00:00 AM","13,264.7","",,
"October 13, 2024 12:00:00 AM","13,272.8","",,
"October 14, 2024 12:00:00 AM","13,277.5","",,
"October 15, 2024 12:00:00 AM","13,277.5","",,
"October 16, 2024 12:00:00 AM","13,286.3","",,
"October 17, 2024 12:00:00 AM","13,294.6","",,
"October 18, 2024 12:00:00 AM","13,299.4","",,
"October 19, 2024 12:00:00 AM","13,299.4","",,
"October 20, 2024 12:00:00 AM","13,305.1","",,
"October 21, 2024 12:00:00 AM","13,309.6","",,
"October 22, 2024 12:00:00 AM","13,309.6","",,
"October 23, 2024 12:00:00 AM","13,318.0","",,
"October 24, 2024 12:00:00 AM","13,326.0","",,
"October 25, 2024 12:00:00 AM","13,334.0","",,
"October 26, 2024 12:00:00 AM","13,342.1","",,
"October 27, 2024 12:00:00 AM","13,348.0","",,
"October 28, 2024 12:00:00 AM","13,349.9","",,
"October 29, 2024 12:00:00 AM","13,349.9","",,
"October 30, 2024 12:00:00 AM","13,358.2","",,
"October 31, 2024 12:00:00 AM","13,366.5","",,
"November 1, 2024 12:00:00 AM","13,374.8","",,
"November 2, 2024 12:00:00 AM","13,382.8","",,
"November 3, 2024 12:00:00 AM","13,382.8","",,
"November 4, 2024 12:00:00 AM","13,387.5","",,
"November 5, 2024 12:00:00 AM","13,387.5","",,
"November 6, 2024 12:00:00 AM","13,397.8","",,
"November 7, 2024 12:00:00 AM","13,410.9","",,
"November 8, 2024 12:00:00 AM","13,419.4","",,
"November 15, 2024 12:00:00 AM","13,490.9","",,
"November 16, 2024 12:00:00 AM","13,495.9","",,
"November 17, 2024 12:00:00 AM","13,504.3","",,
"November 18, 2024 12:00:00 AM","13,509.0","",,
"November 19, 2024 12:00:00 AM","13,509.0","",,
"November 20, 2024 12:00:00 AM","13,518.5","",,
"November 21, 2024 12:00:00 AM","13,526.8","",,
"November 22, 2024 12:00:00 AM","13,535.3","",,
"November 23, 2024 12:00:00 AM","13,543.9","",,
"November 24, 2024 12:00:00 AM","13,552.6","",,
"November 25, 2024 12:00:00 AM","13,557.6","",,
"November 26, 2024 12:00:00 AM","13,557.6","",,
"November 27, 2024 12:00:00 AM","13,568.1","",,
"November 28, 2024 12:00:00 AM","13,577.0","",,
"November 29, 2024 12:00:00 AM","13,585.8","",,
"November 30, 2024 12:00:00 AM","13,594.5","",,
"December 1, 2024 12:00:00 AM","13,603.1","",,
"December 2, 2024 12:00:00 AM","13,607.9","",,
"December 3, 2024 12:00:00 AM","13,607.9","",,
"December 4, 2024 12:00:00 AM","13,618.5","",,
"December 5, 2024 12:00:00 AM","13,626.9","",,
"December 6, 2024 12:00:00 AM","13,635.3","",,
"December 7, 2024 12:00:00 AM","13,643.7","",,
"December 8, 2024 12:00:00 AM","13,652.1","",,
"December 9, 2024 12:00:00 AM","13,656.7","",,
"December 10, 2024 12:00:00 AM","13,656.7","",,
"December 11, 2024 12:00:00 AM","13,668.5","",,
"December 12, 2024 12:00:00 AM","13,676.9","",,
"December 13, 2024 12:00:00 AM","13,685.4","",,
"December 14, 2024 12:00:00 AM","13,694.1","",,
"December 15, 2024 12:00:00 AM","13,702.7","",,
"December 16, 2024 12:00:00 AM","13,707.2","",,
"December 17, 2024 12:00:00 AM","13,707.2","",,
"December 18, 2024 12:00:00 AM","13,718.8","",,
"December 19, 2024 12:00:00 AM","13,727.6","",,
"December 20, 2024 12:00:00 AM","13,736.2","",,
"December 21, 2024 12:00:00 AM","13,744.4","",,
"December 22, 2024 12:00:00 AM","13,753.0","",,
"December 23, 2024 12:00:00 AM","13,757.7","",,
"December 24, 2024 12:00:00 AM","13,757.7","",,
"December 25, 2024 12:00:00 AM","13,769.1","",,
"December 26, 2024 12:00:00 AM","13,778.0","",,
"December 27, 2024 12:00:00 AM","13,778.0","",,
"December 28, 2024 12:00:00 AM","13,778.0","",,
"December 29, 2024 12:00:00 AM","13,778.0","",,
"December 30, 2024 12:00:00 AM","13,778.0","",,
"December 31, 2024 12:00:00 AM","13,778.0","",,
"January 1, 2025 12:00:00 AM","13,801.8","",,
"January 2, 2025 12:00:00 AM","13,839.3","",,
"January 3, 2025 12:00:00 AM","13,876.8","",,
"January 4, 2025 12:00:00 AM","13,911.7","",,
"January 5, 2025 12:00:00 AM","13,924.9","",,
"January 6, 2025 12:00:00 AM","13,929.7","",,
"January 7, 2025 12:00:00 AM","13,931.9","",,
"January 8, 2025 12:00:00 AM","13,947.3","",,
"January 9, 2025 12:00:00 AM","13,961.2","",,
"January 10, 2025 12:00:00 AM","13,974.2","",,
"January 11, 2025 12:00:00 AM","13,986.7","",,
"January 12, 2025 12:00:00 AM","13,998.6","",,
"January 13, 2025 12:00:00 AM","14,003.5","",,
"January 14, 2025 12:00:00 AM","14,003.5","",,
"January 15, 2025 12:00:00 AM","14,025.1","",,
"January 16, 2025 12:00:00 AM","14,057.2","",,
"January 17, 2025 12:00:00 AM","14,086.9","",,
"January 18, 2025 12:00:00 AM","14,118.7","",,
"January 19, 2025 12:00:00 AM","14,151.2","",,
"January 20, 2025 12:00:00 AM","14,156.3","",,
"January 21, 2025 12:00:00 AM","14,158.9","",,
"January 22, 2025 12:00:00 AM","14,203.2","",,
"January 23, 2025 12:00:00 AM","14,235.0","",,
"January 24, 2025 12:00:00 AM","14,266.9","",,
"January 25, 2025 12:00:00 AM","14,298.8","",,
"January 26, 2025 12:00:00 AM","14,329.1","",,
"January 27, 2025 12:00:00 AM","14,334.4","",,
"January 28, 2025 12:00:00 AM","14,334.4","",,
"January 29, 2025 12:00:00 AM","14,362.1","",,
"January 30, 2025 12:00:00 AM","14,391.5","",,
"January 31, 2025 12:00:00 AM","14,418.9","",,
"February 1, 2025 12:00:00 AM","14,450.8","",,
"February 2, 2025 12:00:00 AM","14,487.3","",,
"February 3, 2025 12:00:00 AM","14,487.3","",,
"February 4, 2025 12:00:00 AM","14,488.5","",,
"February 5, 2025 12:00:00 AM","14,526.2","",,
"February 6, 2025 12:00:00 AM","14,558.3","",,
"February 7, 2025 12:00:00 AM","14,588.3","",,
"February 8, 2025 12:00:00 AM","14,619.8","",,
"February 9, 2025 12:00:00 AM","14,651.6","",,
"February 10, 2025 12:00:00 AM","14,656.7","",,
"February 11, 2025 12:00:00 AM","14,656.7","",,
"February 12, 2025 12:00:00 AM","14,693.0","",,
"February 13, 2025 12:00:00 AM","14,725.1","",,
"February 14, 2025 12:00:00 AM","14,757.0","",,
"February 15, 2025 12:00:00 AM","14,789.0","",,
"February 16, 2025 12:00:00 AM","14,821.1","",,
"February 17, 2025 12:00:00 AM","14,826.5","",,
"February 18, 2025 12:00:00 AM","14,829.1","",,
"February 19, 2025 12:00:00 AM","14,873.4","",,
"February 20, 2025 12:00:00 AM","14,905.5","",,
"February 21, 2025 12:00:00 AM","14,932.5","",,
"February 22, 2025 12:00:00 AM","14,951.1","",,
"February 23, 2025 12:00:00 AM","14,964.4","",,
"February 24, 2025 12:00:00 AM","14,969.7","",,
"February 25, 2025 12:00:00 AM","14,969.7","",,
"February 26, 2025 12:00:00 AM","14,980.9","",,
"February 27, 2025 12:00:00 AM","14,998.6","",,
"February 28, 2025 12:00:00 AM","15,021.7","",,
"March 1, 2025 12:00:00 AM","15,052.5","",,
"March 2, 2025 12:00:00 AM","15,080.5","",,
"March 3, 2025 12:00:00 AM","15,083.0","",,
"March 4, 2025 12:00:00 AM","15,083.0","",,
"March 5, 2025 12:00:00 AM","15,116.0","",,
"March 6, 2025 12:00:00 AM","15,139.0","",,
"March 7, 2025 12:00:00 AM","15,159.4","",,
"March 8, 2025 12:00:00 AM","15,176.3","",,
"March 9, 2025 12:00:00 AM","15,191.7","",,
"March 10, 2025 12:00:00 AM","15,197.0","",,
"March 11, 2025 12:00:00 AM","15,197.0","",,
"March 12, 2025 12:00:00 AM","15,214.4","",,
"March 13, 2025 12:00:00 AM","15,235.9","",,
"March 14, 2025 12:00:00 AM","15,263.8","",,
"March 15, 2025 12:00:00 AM","15,289.0","",,
"March 16, 2025 12:00:00 AM","15,320.9","",,
"March 17, 2025 12:00:00 AM","15,326.4","",,
"March 18, 2025 12:00:00 AM","15,326.4","",,
"March 19, 2025 12:00:00 AM","15,357.0","",,
"March 20, 2025 12:00:00 AM","15,385.0","",,
"March 21, 2025 12:00:00 AM","15,406.8","",,
"March 22, 2025 12:00:00 AM","15,423.5","",,
"March 23, 2025 12:00:00 AM","15,439.2","",,
"March 24, 2025 12:00:00 AM","15,444.3","",,
"March 25, 2025 12:00:00 AM","15,444.3","",,
"March 26, 2025 12:00:00 AM","15,466.3","",,
"March 27, 2025 12:00:00 AM","15,485.2","",,
"March 28, 2025 12:00:00 AM","15,504.6","",,
"March 29, 2025 12:00:00 AM","15,526.1","",,
"March 30, 2025 12:00:00 AM","15,544.2","",,
"March 31, 2025 12:00:00 AM","15,549.1","",,
"April 1, 2025 12:00:00 AM","15,549.1","",,
"April 2, 2025 12:00:00 AM","15,594.1","",,
"April 3, 2025 12:00:00 AM","15,597.2","",,
"April 4, 2025 12:00:00 AM","15,614.8","",,
"April 5, 2025 12:00:00 AM","15,629.9","",,
"April 6, 2025 12:00:00 AM","15,640.8","",,
"April 7, 2025 12:00:00 AM","15,645.4","",,
"April 8, 2025 12:00:00 AM","15,645.4","",,
"April 9, 2025 12:00:00 AM","15,667.6","",,
"April 10, 2025 12:00:00 AM","15,685.5","",,
"April 11, 2025 12:00:00 AM","15,703.9","",,
"April 12, 2025 12:00:00 AM","15,720.0","",,
"April 13, 2025 12:00:00 AM","15,738.0","",,
"April 14, 2025 12:00:00 AM","15,743.0","",,
"April 15, 2025 12:00:00 AM","15,743.0","",,
"April 16, 2025 12:00:00 AM","15,761.6","",,
"April 17, 2025 12:00:00 AM","15,778.8","",,
"April 18, 2025 12:00:00 AM","15,792.2","",,
"April 19, 2025 12:00:00 AM","15,805.7","",,
"April 20, 2025 12:00:00 AM","15,821.3","",,
"April 21, 2025 12:00:00 AM","15,825.9","",,
"April 22, 2025 12:00:00 AM","15,825.9","",,
"April 23, 2025 12:00:00 AM","15,843.8","",,
"April 24, 2025 12:00:00 AM","15,858.8","",,
"April 25, 2025 12:00:00 AM","15,873.3","",,
"April 26, 2025 12:00:00 AM","15,890.8","",,
"April 27, 2025 12:00:00 AM","15,903.2","",,
"April 28, 2025 12:00:00 AM","15,907.8","",,
"April 29, 2025 12:00:00 AM","15,907.8","",,
"April 30, 2025 12:00:00 AM","15,919.2","",,
"May 1, 2025 12:00:00 AM","15,924.1","",,
"May 2, 2025 12:00:00 AM","15,929.2","",,
"May 3, 2025 12:00:00 AM","15,929.2","",,
"May 4, 2025 12:00:00 AM","15,929.2","",,
"May 5, 2025 12:00:00 AM","15,929.2","",,
"May 6, 2025 12:00:00 AM","15,929.2","",,
"May 7, 2025 12:00:00 AM","15,929.2","",,
"May 8, 2025 12:00:00 AM","15,929.2","",,
"May 9, 2025 12:00:00 AM","15,929.2","",,
"May 10, 2025 12:00:00 AM","15,934.8","",,
"May 11, 2025 12:00:00 AM","15,940.4","",,
"May 12, 2025 12:00:00 AM","15,940.4","",,
"May 13, 2025 12:00:00 AM","15,940.4","",,
"May 14, 2025 12:00:00 AM","15,940.4","",,
"May 15, 2025 12:00:00 AM","15,940.4","",,
"May 16, 2025 12:00:00 AM","15,940.4","",,
"May 17, 2025 12:00:00 AM","15,940.4","",,
"May 18, 2025 12:00:00 AM","15,940.4","",,
"May 19, 2025 12:00:00 AM","15,940.4","",,
"May 20, 2025 12:00:00 AM","15,940.4","",,
"May 21, 2025 12:00:00 AM","15,940.4","",,
"May 22, 2025 12:00:00 AM","15,940.4","",,
"May 23, 2025 12:00:00 AM","15,940.4","",,
"May 24, 2025 12:00:00 AM","15,940.4","",,
"May 25, 2025 12:00:00 AM","15,940.4","",,
"May 26, 2025 12:00:00 AM","15,940.4","",,
"May 27, 2025 12:00:00 AM","15,940.4","",,
"May 28, 2025 12:00:00 AM","15,940.4","",,
"May 29, 2025 12:00:00 AM","15,940.4","",,
"May 30, 2025 12:00:00 AM","15,940.4","",,
"May 31, 2025 12:00:00 AM","15,940.4","",,
"June 1, 2025 12:00:00 AM","15,940.4","",,
"June 2, 2025 12:00:00 AM","15,940.4","",,
"June 3, 2025 12:00:00 AM","15,940.4","",,
"June 4, 2025 12:00:00 AM","15,940.4","",,
"June 5, 2025 12:00:00 AM","15,940.4","",,
"June 6, 2025 12:00:00 AM","15,940.4","",,
"June 7, 2025 12:00:00 AM","15,940.4","",,
"June 8, 2025 12:00:00 AM","15,940.4","",,
"June 9, 2025 12:00:00 AM","15,940.4","",,
"June 10, 2025 12:00:00 AM","15,940.4","",,
"June 11, 2025 12:00:00 AM","15,940.4","",,
"June 12, 2025 12:00:00 AM","15,940.4","",,
"June 13, 2025 12:00:00 AM","15,940.4","",,
"June 14, 2025 12:00:00 AM","15,940.4","",,
"June 15, 2025 12:00:00 AM","15,940.4","",,
"June 16, 2025 12:00:00 AM","15,940.4","",,
"June 17, 2025 12:00:00 AM","15,940.4","",,
"June 18, 2025 12:00:00 AM","15,940.4","",,
"June 19, 2025 12:00:00 AM","15,940.4","",,
"June 20, 2025 12:00:00 AM","15,940.4","",,
"June 21, 2025 12:00:00 AM","15,940.4","",,
"June 22, 2025 12:00:00 AM","15,940.4","",,
"June 23, 2025 12:00:00 AM","15,940.4","",,
"June 24, 2025 12:00:00 AM","15,940.4","",,
"June 25, 2025 12:00:00 AM","15,940.4","",,
"June 26, 2025 12:00:00 AM","15,940.4","",,
"June 27, 2025 12:00:00 AM","15,940.4","",,
"June 28, 2025 12:00:00 AM","15,940.4","",,
"June 29, 2025 12:00:00 AM","15,940.4","",,
"June 30, 2025 12:00:00 AM","15,940.4","",,
"July 1, 2025 12:00:00 AM","15,940.4","",,
"July 2, 2025 12:00:00 AM","15,940.4","",,
"July 3, 2025 12:00:00 AM","15,940.4","",,
"July 4, 2025 12:00:00 AM","15,940.4","",,
"July 5, 2025 12:00:00 AM","15,940.4","",,
"July 6, 2025 12:00:00 AM","15,940.4","",,
"July 7, 2025 12:00:00 AM","15,940.4","",,
"July 8, 2025 12:00:00 AM","15,940.4","",,
"July 9, 2025 12:00:00 AM","15,940.4","",,
"July 10, 2025 12:00:00 AM","15,940.4","",,
"July 11, 2025 12:00:00 AM","15,940.4","",,
"July 12, 2025 12:00:00 AM","15,940.4","",,
"July 13, 2025 12:00:00 AM","15,940.4","",,
"July 14, 2025 12:00:00 AM","15,940.4","",,
"July 15, 2025 12:00:00 AM","15,940.4","",,
"July 16, 2025 12:00:00 AM","15,940.4","",,
"July 17, 2025 12:00:00 AM","15,940.4","",,
"July 18, 2025 12:00:00 AM","15,940.4","",,
"July 19, 2025 12:00:00 AM","15,940.4","",,
"July 20, 2025 12:00:00 AM","15,940.4","",,
"July 21, 2025 12:00:00 AM","15,940.4","",,
"July 22, 2025 12:00:00 AM","15,940.4","",,
"July 23, 2025 12:00:00 AM","15,940.4","",,
"July 24, 2025 12:00:00 AM","15,940.4","",,
"July 25, 2025 12:00:00 AM","15,940.4","",,
"July 26, 2025 12:00:00 AM","15,940.4","",,
"July 27, 2025 12:00:00 AM","15,940.4","",,
"July 28, 2025 12:00:00 AM","15,940.4","",,
"July 29, 2025 12:00:00 AM","15,940.4","",,
"July 30, 2025 12:00:00 AM","15,940.4","",,
"July 31, 2025 12:00:00 AM","15,940.4","",,
"August 1, 2025 12:00:00 AM","15,940.4","",,
"August 2, 2025 12:00:00 AM","15,940.4","",,
"August 3, 2025 12:00:00 AM","15,940.4","",,
"August 4, 2025 12:00:00 AM","15,940.4","",,
"August 5, 2025 12:00:00 AM","15,940.4","",,
"August 6, 2025 12:00:00 AM","15,940.4","",,
"August 7, 2025 12:00:00 AM","15,940.4","",,
"August 8, 2025 12:00:00 AM","15,940.4","",,
"August 9, 2025 12:00:00 AM","15,940.4","",,
"August 10, 2025 12:00:00 AM","15,940.4","",,
"August 11, 2025 12:00:00 AM","15,940.4","",,
"August 12, 2025 12:00:00 AM","15,940.4","",,
"August 13, 2025 12:00:00 AM","15,940.4","",,
"August 14, 2025 12:00:00 AM","15,940.4","",,
"August 15, 2025 12:00:00 AM","15,940.4","",,
"August 16, 2025 12:00:00 AM","15,940.4","",,
"August 17, 2025 12:00:00 AM","15,940.4","",,
"August 18, 2025 12:00:00 AM","15,940.4","",,
"August 19, 2025 12:00:00 AM","15,940.4","",,
"August 20, 2025 12:00:00 AM","15,940.4","",,
"August 21, 2025 12:00:00 AM","15,940.4","",,
"August 22, 2025 12:00:00 AM","15,940.4","",,
"August 23, 2025 12:00:00 AM","15,940.4","",,
"August 24, 2025 12:00:00 AM","15,940.4","",,
"August 25, 2025 12:00:00 AM","15,940.4","",,
"August 26, 2025 12:00:00 AM","15,940.4","",,
"August 27, 2025 12:00:00 AM","15,940.4","",,
"August 28, 2025 12:00:00 AM","15,940.4","",,
"August 29, 2025 12:00:00 AM","15,940.4","",,
"August 30, 2025 12:00:00 AM","15,940.4","",,
"August 31, 2025 12:00:00 AM","15,940.4","",,
"September 1, 2025 12:00:00 AM","15,940.4","",,
"September 2, 2025 12:00:00 AM","15,940.4","",,
"September 3, 2025 12:00:00 AM","15,940.4","",,
"September 4, 2025 12:00:00 AM","15,940.4","",,
"September 5, 2025 12:00:00 AM","15,940.4","",,
"September 6, 2025 12:00:00 AM","15,940.4","",,
"September 7, 2025 12:00:00 AM","15,940.4","",,
"September 8, 2025 12:00:00 AM","15,940.4","",,
"September 9, 2025 12:00:00 AM","15,940.4","",,
"September 10, 2025 12:00:00 AM","15,940.4","",,
"September 11, 2025 12:00:00 AM","15,940.4","",,
"September 12, 2025 12:00:00 AM","15,940.4","",,
"September 13, 2025 12:00:00 AM","15,940.4","",,
"September 14, 2025 12:00:00 AM","15,940.4","",,
"September 15, 2025 12:00:00 AM","15,940.4","",,
"September 16, 2025 12:00:00 AM","15,940.4","",,
"September 17, 2025 12:00:00 AM","15,940.4","",,
"September 18, 2025 12:00:00 AM","15,940.4","",,
"September 19, 2025 12:00:00 AM","15,940.4","",,
"September 20, 2025 12:00:00 AM","15,940.4","",,
"September 21, 2025 12:00:00 AM","15,940.4","",,
"September 22, 2025 12:00:00 AM","15,940.4","",,
"September 23, 2025 12:00:00 AM","15,940.4","",,
"September 24, 2025 12:00:00 AM","15,940.4","",,
"September 25, 2025 12:00:00 AM","15,947.9","",,
"September 26, 2025 12:00:00 AM","15,953.5","",,
"September 27, 2025 12:00:00 AM","15,959.0","",,
"September 28, 2025 12:00:00 AM","15,967.8","",,
"September 29, 2025 12:00:00 AM","15,972.2","",,
"September 30, 2025 12:00:00 AM","15,972.2","",,
"October 1, 2025 12:00:00 AM","15,981.9","",,
"October 2, 2025 12:00:00 AM","15,992.8","",,
"October 3, 2025 12:00:00 AM","15,992.8","",,
"October 4, 2025 12:00:00 AM","15,998.3","",,
"October 5, 2025 12:00:00 AM","16,003.7","",,
"October 6, 2025 12:00:00 AM","16,008.0","",,
"October 7, 2025 12:00:00 AM","16,008.0","",,
"October 8, 2025 12:00:00 AM","16,017.6","",,
"October 9, 2025 12:00:00 AM","16,023.2","",,
"October 10, 2025 12:00:00 AM","16,028.4","",,
"October 11, 2025 12:00:00 AM","16,035.2","",,
"October 12, 2025 12:00:00 AM","16,040.6","",,
"October 13, 2025 12:00:00 AM","16,044.9","",,
"October 14, 2025 12:00:00 AM","16,044.9","",,
"October 15, 2025 12:00:00 AM","16,052.9","",,
"October 16, 2025 12:00:00 AM","16,060.6","",,
"October 17, 2025 12:00:00 AM","16,068.6","",,
"October 18, 2025 12:00:00 AM","16,076.6","",,
"October 19, 2025 12:00:00 AM","16,084.5","",,
"October 20, 2025 12:00:00 AM","16,089.0","",,
"October 21, 2025 12:00:00 AM","16,089.0","",,
"October 22, 2025 12:00:00 AM","16,097.4","",,
"October 23, 2025 12:00:00 AM","16,115.3","",,
"October 24, 2025 12:00:00 AM","16,115.3","",,
"October 25, 2025 12:00:00 AM","16,123.1","",,
"October 26, 2025 12:00:00 AM","16,145.1","",,
"October 27, 2025 12:00:00 AM","16,149.8","",,
"October 28, 2025 12:00:00 AM","16,149.8","",,
"October 29, 2025 12:00:00 AM","16,174.9","",,
"October 30, 2025 12:00:00 AM","16,183.6","",,
"October 31, 2025 12:00:00 AM","16,193.9","",,
"November 1, 2025 12:00:00 AM","16,204.4","",,
"November 2, 2025 12:00:00 AM","16,217.5","",,
"November 3, 2025 12:00:00 AM","16,217.5","",,
"November 4, 2025 12:00:00 AM","16,217.5","",,
"November 5, 2025 12:00:00 AM","16,226.0","",,
